0	0	1
2	1	3
4	2	5
6	3	7
8	4	9
10	5	11
12	6	13
14	7	15
16	8	17
8	4	18
19	9	20
21	10	22
23	11	24
25	0	26
27	12	28
29	4	30
31	13	32
33	14	34
35	15	36
37	15	36
38	1	3
39	2	5
40	16	41
42	17	43
44	15	36
43	18	45
46	7	47
48	19	49
50	15	36
51	2	5
52	1	3
53	19	54
55	20	56
57	21	58
59	15	36
60	22	61
62	23	63
64	14	65
66	24	3
67	8	17
68	25	69
70	26	71
72	15	36
73	7	15
74	8	17
2	0	75
76	7	6
77	27	78
79	28	80
81	21	82
83	29	49
84	7	47
85	15	36
86	21	81
87	24	88
89	30	90
91	7	92
93	8	17
94	2	95
96	15	36
97	31	98
99	8	17
100	32	49
101	8	17
102	16	103
104	33	105
106	15	36
107	34	108
109	35	110
111	6	112
113	26	114
115	31	116
117	36	118
119	15	36
120	37	121
33	14	122
59	8	17
123	19	49
124	8	17
125	15	36
126	8	17
127	1	3
128	38	129
130	16	131
132	15	36
133	39	134
135	37	136
10	29	49
137	2	5
138	39	134
139	6	140
141	2	5
38	39	134
142	6	143
144	1	3
145	9	146
147	40	148
149	41	150
151	34	152
153	42	154
155	7	6
156	2	5
157	2	158
159	43	160
92	44	161
162	12	163
164	26	165
166	45	167
168	31	169
170	46	171
172	37	173
174	10	47
175	47	176
148	41	177
178	48	179
160	46	159
180	8	17
181	12	182
183	8	17
184	49	185
186	7	92
187	26	188
189	2	5
190	50	191
192	43	193
194	19	49
195	9	196
3	14	38
197	51	198
199	41	200
201	52	202
203	18	163
49	53	204
205	18	206
207	54	208
209	31	210
211	15	36
212	32	49
213	41	214
215	8	17
216	8	17
217	28	148
218	10	178
140	47	139
219	22	220
221	8	17
222	37	162
223	55	224
225	10	22
226	47	139
192	56	4
227	26	165
228	34	229
230	26	231
232	47	173
132	37	136
233	8	17
234	18	235
236	31	237
238	8	17
239	8	17
238	15	36
240	4	241
206	26	242
243	49	244
242	38	119
245	0	246
247	57	248
249	46	250
251	16	70
165	16	252
253	58	49
162	17	254
148	41	255
256	1	64
257	9	258
78	27	77
68	8	17
259	8	17
260	39	134
261	45	167
8	4	262
8	4	263
264	28	148
131	16	265
173	6	266
63	59	267
268	39	134
269	2	5
145	16	235
187	26	270
271	0	272
273	39	134
274	1	3
275	60	276
15	61	161
70	9	277
8	62	278
279	9	280
281	63	282
283	64	284
29	4	285
286	8	17
287	12	288
289	15	36
290	54	291
3	14	292
293	2	5
203	11	24
294	1	3
38	19	49
295	65	49
296	15	36
76	7	92
297	7	298
299	8	17
300	37	301
39	16	302
303	9	304
305	2	306
307	16	308
309	10	310
231	15	36
36	66	311
312	26	313
229	67	314
315	18	316
252	16	164
10	68	317
185	2	318
319	38	202
43	18	145
320	26	321
71	16	251
189	37	322
323	15	36
212	69	324
36	66	325
326	54	90
139	6	232
327	37	12
300	37	328
329	70	330
331	71	332
333	1	88
8	4	334
146	19	49
335	9	336
337	37	139
338	12	339
340	37	287
173	6	341
342	9	343
344	15	36
231	28	148
345	2	5
242	8	17
346	8	17
347	54	348
90	42	154
313	26	349
90	41	350
8	4	351
352	16	70
281	15	36
353	45	154
354	19	49
355	31	356
129	45	167
8	4	357
358	26	308
269	15	36
359	8	17
178	64	360
174	10	298
129	38	128
327	15	36
361	68	362
363	16	364
365	37	176
366	72	367
368	52	299
233	15	36
369	73	216
370	74	243
20	19	49
371	9	372
373	75	374
46	7	92
129	8	17
344	29	49
128	45	154
375	6	376
173	12	377
378	56	379
380	16	381
240	76	49
382	77	383
384	8	17
385	1	3
386	2	5
173	6	387
358	2	5
388	16	339
102	8	17
135	16	131
94	16	389
390	38	391
392	59	393
394	78	10
395	7	396
397	8	17
398	2	158
399	7	396
8	4	400
401	1	402
403	1	3
404	15	36
43	71	405
173	6	376
130	8	17
184	1	88
406	14	407
408	7	22
112	7	80
409	8	17
410	37	411
8	76	412
3	14	413
414	79	415
416	19	49
417	2	5
418	12	419
420	22	220
421	7	15
41	2	5
422	15	36
112	1	3
135	16	423
424	13	425
426	80	62
371	15	36
427	15	36
210	15	36
428	15	36
3	14	429
92	41	430
431	81	57
3	14	432
433	8	17
434	46	435
235	9	436
437	82	438
439	8	17
88	14	440
380	8	17
65	1	64
441	29	49
442	83	443
391	8	17
444	58	49
445	37	446
447	13	448
310	84	148
186	85	47
148	41	449
450	37	451
388	29	49
148	14	184
452	19	49
453	2	454
102	2	5
455	46	456
457	9	458
459	60	460
274	7	178
461	73	462
463	72	367
464	84	15
460	19	49
465	65	49
466	28	148
210	8	17
29	4	18
152	8	17
410	8	17
440	1	3
365	15	36
467	15	36
468	86	469
470	15	36
471	15	36
472	37	181
473	30	383
474	87	369
290	37	475
49	88	476
477	8	17
113	16	114
478	64	284
479	15	36
480	89	310
8	62	377
481	82	482
8	4	483
69	90	410
484	15	36
429	19	49
485	56	486
401	0	335
11	16	10
487	2	5
488	0	489
490	8	17
57	87	191
491	28	148
183	58	49
29	4	262
399	7	80
492	19	49
29	76	49
493	16	494
495	83	496
497	1	3
498	8	17
499	82	487
500	82	501
502	15	36
503	29	49
504	15	36
234	71	505
270	8	17
114	91	506
507	9	372
173	6	232
508	8	17
310	89	480
92	41	509
510	9	511
512	83	496
513	18	514
486	15	36
320	16	515
516	64	284
517	15	36
518	54	90
519	7	47
520	59	267
276	19	49
157	37	27
521	37	162
362	78	361
29	4	400
522	15	36
523	9	524
525	2	5
526	8	17
527	2	5
528	15	36
529	71	530
531	7	47
72	8	17
532	8	17
312	26	349
533	2	534
3	14	535
119	16	327
377	46	385
528	29	49
234	18	180
312	37	322
536	11	24
19	15	36
537	2	5
538	19	49
539	92	438
540	21	541
153	93	542
543	41	544
387	1	64
8	62	545
381	94	380
546	95	86
13	19	49
362	96	547
139	6	460
548	8	17
549	37	42
541	21	550
551	84	552
395	7	92
368	94	299
385	49	244
553	16	380
554	16	555
309	10	22
556	19	49
557	15	36
224	97	105
558	15	36
119	94	131
559	15	36
386	8	17
409	15	36
175	78	514
560	8	17
561	13	562
563	15	36
45	58	49
8	4	564
565	98	357
566	10	80
566	10	298
567	19	49
58	21	568
569	15	36
570	99	571
572	87	550
573	8	17
209	100	115
572	101	574
575	32	49
423	16	71
164	9	197
494	9	576
577	37	139
136	12	578
579	102	580
581	103	92
322	6	581
572	21	461
230	15	36
582	8	17
165	26	227
583	15	36
166	16	423
21	10	15
584	16	585
244	8	17
257	46	258
178	104	298
3	14	586
207	46	100
587	19	49
338	12	388
588	18	380
395	39	134
527	9	589
590	53	591
592	8	17
206	15	36
267	70	593
594	26	222
62	23	520
595	0	596
597	55	224
598	105	599
600	106	601
211	8	17
222	8	17
111	6	602
181	6	603
604	8	17
605	7	47
500	82	606
321	16	515
55	107	56
277	1	3
45	16	607
288	54	348
608	8	17
12	6	609
577	15	36
561	108	562
610	43	611
612	1	613
614	37	446
615	37	139
185	15	36
358	26	616
617	99	618
49	88	253
619	40	148
387	7	92
620	8	17
31	108	621
622	8	17
623	46	624
493	16	135
622	54	625
14	1	64
577	45	167
626	37	176
535	1	3
52	72	367
250	32	49
627	43	628
235	16	523
238	9	629
159	24	64
630	109	631
176	6	277
8	4	632
633	110	90
358	8	17
634	46	635
636	8	17
637	64	284
638	111	148
84	39	639
525	29	49
157	29	49
579	2	640
641	86	469
642	112	643
644	15	36
188	16	187
645	22	646
647	34	324
648	12	649
566	10	650
113	46	250
589	1	3
391	94	390
122	1	3
651	113	652
653	15	36
317	114	10
654	15	36
655	115	656
657	98	658
388	45	167
607	16	125
246	26	659
660	81	57
661	45	167
310	116	662
663	7	47
523	15	36
664	72	367
36	66	665
666	117	441
560	37	27
667	10	310
605	7	148
668	10	15
669	84	670
80	41	671
530	114	672
673	8	17
595	1	3
296	118	674
675	26	676
677	45	678
299	16	278
679	2	5
680	2	454
681	8	17
305	119	682
683	120	409
182	94	462
97	31	684
387	7	685
285	34	233
331	11	24
3	14	686
687	15	36
349	2	5
688	110	90
689	34	690
691	16	604
240	4	692
693	43	582
53	1	3
694	121	695
696	102	697
355	31	182
634	15	36
184	1	3
698	1	402
109	98	699
181	6	277
349	16	313
700	82	561
39	37	451
701	8	17
702	16	221
36	66	291
3	14	519
527	37	139
703	8	17
704	16	702
705	60	706
90	41	707
708	45	678
510	15	36
709	46	341
2	47	710
88	14	595
711	122	89
398	8	17
265	16	166
139	6	712
713	102	409
64	14	714
715	8	17
716	9	717
718	8	17
217	8	17
173	6	277
234	18	164
1	46	719
586	24	3
595	114	703
21	10	310
720	8	17
172	68	530
561	28	47
174	10	92
103	26	102
721	2	640
433	15	36
722	10	92
219	22	723
13	123	472
661	16	724
316	15	36
725	12	290
342	45	167
90	84	153
642	65	49
726	9	727
35	8	17
241	30	383
50	8	17
728	16	77
729	15	36
649	16	390
730	124	731
732	1	3
733	8	17
160	15	36
112	39	134
166	94	734
292	19	49
166	16	165
58	21	81
12	6	589
8	4	735
736	1	737
738	103	148
739	16	740
352	16	741
742	37	162
743	12	733
733	2	5
555	15	36
387	19	49
744	13	745
8	4	746
115	31	721
747	7	92
59	46	38
240	4	748
474	21	568
83	16	410
749	15	36
416	7	92
312	26	515
750	112	751
752	8	17
753	8	17
494	16	493
391	2	754
582	16	702
755	15	36
222	16	756
594	16	222
757	97	104
272	37	139
1	16	278
304	1	3
758	8	17
337	8	17
759	16	130
760	31	761
649	16	340
762	58	49
605	7	22
73	7	22
763	7	80
764	112	49
765	19	49
728	8	17
76	19	49
68	37	139
766	8	17
540	125	546
1	9	0
758	9	767
714	1	64
696	28	92
75	46	2
768	15	36
769	28	148
180	26	164
159	43	363
310	126	602
770	37	162
611	45	678
498	26	165
489	15	36
771	16	772
773	102	697
420	22	774
620	9	605
775	127	776
531	7	396
777	39	134
90	41	778
253	29	49
480	48	179
139	6	65
67	9	767
772	37	139
46	7	80
585	8	17
4	91	192
779	2	640
251	2	158
780	39	134
165	46	91
781	2	454
166	16	494
782	80	783
784	19	49
596	37	173
785	8	17
786	8	17
787	37	176
788	15	36
138	19	49
789	15	36
519	19	49
515	15	36
166	16	132
1	54	790
791	105	792
8	4	642
406	14	256
793	2	5
210	37	648
794	77	383
423	26	251
394	106	11
588	18	795
423	16	166
572	101	445
341	56	709
246	128	796
797	15	36
661	46	798
312	16	321
799	26	675
315	18	129
320	16	278
779	68	800
598	0	517
138	0	377
533	2	5
801	110	90
578	37	301
277	0	70
46	19	49
390	16	802
803	38	380
421	1	3
251	16	131
804	1	3
582	37	805
243	74	370
806	31	807
560	2	158
758	46	767
449	40	148
383	41	808
809	2	5
810	34	811
812	1	3
579	2	5
813	15	36
810	34	528
121	12	553
814	37	805
815	15	36
816	38	39
817	15	36
519	7	6
392	59	818
149	42	167
763	1	3
819	34	296
436	7	47
820	12	821
402	14	822
647	34	753
823	1	88
824	15	36
825	8	17
655	65	49
826	8	17
99	45	167
768	2	5
361	29	49
173	6	595
827	16	96
828	100	829
219	22	830
831	39	639
363	26	364
832	46	146
724	16	661
756	16	222
299	52	368
3	14	833
265	46	34
834	110	149
835	19	49
233	2	158
836	7	6
837	28	47
517	37	838
839	15	36
802	8	17
353	94	215
732	0	132
840	37	173
663	129	841
842	130	415
252	46	226
240	4	750
504	8	17
227	8	17
222	37	843
297	7	47
561	15	36
844	15	36
845	15	36
846	19	49
741	26	165
520	59	847
174	10	848
849	8	17
850	8	17
718	28	148
851	7	178
90	41	852
215	94	353
173	6	25
132	16	165
853	126	854
799	2	5
855	82	489
530	19	49
88	14	856
749	45	167
162	17	857
166	9	336
555	2	5
180	26	252
515	16	312
218	10	310
858	26	189
583	29	49
252	26	180
859	22	420
612	1	406
860	72	367
764	112	643
861	24	862
714	1	3
3	14	863
368	46	864
121	6	245
311	84	865
866	81	461
867	18	802
439	9	280
629	1	3
868	30	90
869	2	5
716	9	870
871	131	872
611	8	17
302	16	39
174	10	650
230	45	678
873	64	284
874	108	875
29	4	876
390	94	391
265	9	877
39	38	131
377	15	36
878	108	879
114	16	113
617	132	880
727	1	737
670	84	669
566	10	881
882	72	367
883	22	220
884	1	3
607	26	45
752	15	36
188	26	187
885	8	17
84	7	22
70	16	352
818	70	886
802	16	302
305	133	697
235	16	145
887	84	888
73	1	88
793	37	121
410	15	36
52	19	49
889	134	890
124	54	891
141	91	405
402	14	892
438	28	92
391	37	411
79	37	451
8	4	893
847	70	18
894	2	454
750	112	895
230	8	17
531	7	92
347	15	36
896	34	242
8	62	1
299	15	36
581	7	15
612	1	64
897	34	898
55	107	92
88	31	521
826	9	899
900	1	64
859	22	61
600	7	396
901	8	17
704	16	582
902	8	17
903	21	572
904	2	5
905	15	36
855	135	54
8	4	906
165	16	498
176	6	907
767	39	134
908	122	909
235	46	378
910	34	653
36	66	911
912	8	17
913	16	762
186	7	47
341	1	3
914	8	17
765	39	134
624	78	623
387	47	176
847	70	241
332	1	3
276	1	3
29	4	735
915	136	17
916	24	737
917	112	49
918	19	49
507	15	36
173	12	919
920	19	49
247	57	80
13	47	12
8	4	921
297	7	92
165	26	741
821	29	49
191	87	57
434	9	435
342	2	5
339	16	388
322	12	312
576	39	134
649	37	287
429	1	3
922	37	136
634	16	1
923	2	5
924	40	92
45	16	925
926	24	927
928	87	369
929	107	930
931	8	17
57	21	82
132	16	932
531	7	80
933	59	329
934	8	17
458	39	134
724	9	535
362	103	80
279	54	935
91	7	396
455	16	936
47	48	179
937	15	36
716	8	17
938	56	939
940	103	92
182	8	17
231	26	230
941	8	17
441	46	155
3	14	763
160	9	38
751	137	49
317	106	11
148	41	942
877	72	367
943	18	594
190	8	17
493	15	36
272	15	36
240	76	944
267	70	868
945	92	946
947	29	49
948	31	949
88	14	530
607	8	17
15	138	950
805	6	212
683	136	17
951	1	3
103	26	41
832	15	36
739	26	740
1	16	634
383	42	154
628	8	17
118	23	657
312	9	395
321	9	354
230	28	148
163	16	680
952	139	953
954	8	17
955	8	17
151	55	956
957	12	958
855	82	959
960	19	49
683	120	404
504	2	961
106	29	49
131	9	294
349	46	732
41	8	17
962	72	367
725	12	963
531	39	134
964	19	49
225	10	298
965	37	301
588	18	966
331	18	967
654	68	968
969	39	134
182	37	181
970	2	5
90	41	971
972	28	92
973	1	3
600	7	148
14	7	92
276	7	6
974	37	451
10	15	36
312	37	12
226	19	49
975	111	310
846	7	685
594	8	17
383	42	167
191	87	81
976	15	36
758	9	485
96	16	45
370	19	49
369	87	461
758	16	67
827	8	17
977	40	148
978	81	81
476	15	36
595	0	979
821	2	5
925	16	827
145	16	523
980	19	49
792	105	243
628	16	242
821	37	162
235	9	378
981	5	982
486	8	17
686	1	983
984	31	359
985	31	439
986	8	17
650	48	179
348	97	105
987	7	80
988	82	335
680	54	989
84	7	15
603	39	134
470	8	17
531	7	298
3	14	602
802	37	446
12	6	732
740	8	17
441	8	17
39	52	816
990	140	148
991	15	36
176	6	992
8	4	764
248	138	49
391	26	340
176	6	370
245	0	616
369	101	993
203	18	361
107	34	188
994	141	995
996	15	36
997	64	284
186	19	49
998	94	734
438	81	369
999	1	737
1000	15	36
1001	142	24
438	54	1002
137	37	162
856	106	1003
981	15	36
1004	12	1005
90	41	1006
428	9	297
1007	8	17
837	108	1008
1009	15	36
27	12	1010
1011	37	451
435	19	49
274	7	47
675	16	676
49	53	881
487	54	224
1012	81	57
557	16	1013
1014	39	134
1015	15	36
844	26	257
324	46	212
90	41	896
693	43	189
3	14	458
614	45	1016
257	8	17
119	143	242
1017	56	939
901	25	92
598	78	1018
90	41	1019
959	15	36
1020	19	49
651	113	931
1021	20	56
1022	8	17
1023	1	3
537	8	17
69	90	70
180	16	164
617	90	39
1024	2	454
173	6	13
815	8	17
566	10	1025
1026	31	1027
725	12	1028
1029	7	92
1030	15	36
1031	8	17
1032	2	5
143	103	310
458	19	49
155	7	22
121	12	1033
148	41	1034
683	120	1035
260	1	406
616	37	1036
176	6	175
1037	37	173
1038	15	36
563	8	17
321	16	320
411	12	802
307	16	377
1039	2	318
887	64	284
87	32	49
121	12	364
421	7	22
34	19	49
349	16	1040
614	8	17
802	37	411
173	6	370
933	98	642
932	8	17
494	16	265
729	37	42
606	15	36
857	11	24
165	9	884
1041	2	5
240	4	886
969	7	92
1042	9	999
1043	85	685
854	39	134
181	6	899
365	8	17
88	14	987
550	21	546
1044	32	49
118	23	1045
1046	40	148
933	59	267
1047	28	148
164	9	968
612	144	1048
124	2	158
202	52	319
1049	1	3
424	128	1050
1051	28	148
1052	31	1053
957	12	1054
836	7	15
363	46	159
772	15	36
572	73	340
1055	34	594
635	72	367
279	15	36
571	145	570
186	7	22
461	21	58
1056	15	36
663	7	22
196	19	49
827	15	36
278	16	1057
135	8	17
602	124	731
190	15	36
173	6	823
1058	31	1059
173	6	747
235	16	379
975	140	310
364	46	159
1060	37	176
130	16	166
1061	8	17
90	41	1062
103	16	102
490	15	36
634	9	635
349	8	17
1063	15	36
132	9	732
290	54	1064
70	26	423
1065	92	72
290	2	5
515	16	321
539	92	441
1066	37	42
1067	16	582
617	97	104
240	76	751
131	16	759
70	16	741
1022	9	91
1068	1	3
856	1	88
43	18	490
36	66	1069
390	29	49
1040	29	49
436	7	178
621	75	414
264	15	36
1070	122	89
133	19	49
485	19	49
770	15	36
191	101	1071
232	39	134
60	22	1072
711	122	1073
1013	58	49
340	37	1074
1075	45	167
148	41	990
1076	19	49
423	26	70
724	9	635
246	54	796
744	108	374
189	16	858
1077	146	1078
256	72	367
389	16	39
65	1	3
112	7	22
36	66	1079
219	22	1080
42	6	610
1081	39	134
1082	1	3
114	8	17
966	15	36
436	7	6
1083	102	1084
1085	130	415
690	37	162
11	46	317
173	6	1086
608	2	5
232	1	3
844	2	5
176	6	747
1087	8	17
901	15	36
8	4	1085
600	1	3
90	41	1088
69	90	201
93	15	36
565	59	847
472	37	176
233	54	383
132	9	765
266	1	3
3	14	706
1089	1	737
42	6	171
974	8	17
281	133	305
25	114	26
1090	8	17
539	92	116
69	90	166
261	2	5
135	16	130
580	102	409
717	19	49
1091	58	49
1033	26	364
3	14	376
851	7	396
1092	15	36
8	4	1093
58	21	903
779	15	36
955	15	36
1094	37	12
1086	1	3
1095	46	184
1096	54	383
1097	7	396
968	49	654
967	37	328
421	7	47
877	1	64
475	12	958
1098	8	17
29	4	893
354	1	1099
36	66	1100
440	19	49
1101	8	17
313	16	312
182	81	572
692	112	1102
38	47	1004
3	14	1103
378	1	3
29	4	868
113	2	5
1044	43	444
293	54	147
553	16	381
29	4	699
164	9	198
1104	132	880
441	45	678
533	29	49
1105	70	1093
309	10	80
892	1	402
162	12	514
273	19	49
90	41	1106
307	37	173
1107	37	725
3	14	395
1108	1	3
274	7	15
1063	8	17
553	26	381
718	26	866
946	8	17
159	24	3
234	18	1067
1109	41	911
1110	32	49
333	39	134
1111	31	422
81	21	572
1112	54	1113
515	26	321
391	38	83
1114	84	149
693	43	932
1086	19	49
681	15	36
700	147	310
491	54	449
1115	123	472
1116	1	64
1117	130	415
1118	26	1018
240	4	351
133	7	15
523	16	235
722	10	22
339	37	338
666	117	1119
497	19	49
3	14	1120
83	26	410
860	39	134
100	0	207
170	15	36
769	45	167
456	39	134
498	16	741
1121	128	224
139	6	899
285	34	606
1122	41	790
163	37	162
661	16	728
1123	106	11
418	12	75
142	6	951
667	10	22
418	12	507
155	7	15
1124	36	118
395	124	936
8	4	151
1125	28	148
663	103	92
1126	19	49
294	19	49
1127	8	17
1128	24	3
240	4	1129
349	26	1040
708	8	17
453	8	17
34	1	64
1130	15	36
775	127	1131
941	16	165
995	15	36
1132	49	489
130	16	265
131	67	119
1133	54	942
965	29	49
540	87	191
18	112	49
1134	15	36
1135	16	1136
566	10	1137
294	148	971
276	7	47
89	115	1138
3	14	399
162	12	521
851	7	15
1139	55	291
43	71	159
1140	2	5
747	7	591
265	16	135
932	46	833
78	9	155
702	16	704
191	101	1141
902	2	5
67	9	133
1142	149	1143
568	87	540
1144	8	17
747	124	1145
1123	56	10
539	92	1071
773	8	17
1060	15	36
503	2	454
1146	81	57
610	43	93
730	7	148
1098	128	1147
661	8	17
389	16	302
1148	150	92
530	74	440
377	37	1149
1150	15	36
653	2	5
456	72	1151
828	100	355
92	14	780
802	143	894
1152	29	49
8	4	1153
1154	151	92
1030	128	942
485	72	367
453	45	167
113	91	506
432	0	352
361	9	362
680	37	162
8	62	713
242	2	318
1095	15	36
898	8	17
25	1	88
683	120	684
287	12	39
1155	29	49
312	16	515
967	2	5
471	91	610
1156	7	80
599	1	3
91	7	298
762	45	167
1157	103	92
421	129	1158
86	95	546
1159	54	625
578	37	136
676	16	799
541	21	86
303	16	237
610	19	49
1160	8	17
710	12	772
109	35	1161
1027	2	454
660	54	1162
173	6	138
620	2	961
346	2	158
36	66	90
303	16	1163
1164	31	1165
1166	9	992
34	49	768
310	41	1167
600	19	49
591	84	480
1103	1	3
290	45	1139
518	29	49
1168	107	1169
1170	54	149
14	7	47
522	45	167
292	114	703
26	2	5
1171	2	5
461	21	81
943	18	222
729	37	12
1171	8	17
92	14	408
1066	9	65
474	21	369
1172	16	797
1170	68	25
8	4	897
1173	65	49
883	22	774
1033	15	36
327	46	13
221	16	702
8	4	1117
972	8	17
626	37	162
1174	8	17
184	103	148
968	1	927
615	37	136
265	58	49
1159	37	1001
1175	8	17
357	34	347
1176	83	496
817	37	173
1177	41	1178
467	8	17
1179	9	576
43	18	554
1180	2	5
119	152	131
338	17	867
791	105	243
802	16	445
802	15	36
798	72	367
616	15	36
1047	8	17
730	103	310
36	66	757
910	34	1181
992	1	1182
763	7	685
117	98	868
1183	116	1184
676	26	675
970	8	17
1083	8	17
644	128	1185
168	100	97
288	128	348
804	19	49
370	49	244
139	6	226
635	49	634
1	8	17
294	1	64
1186	19	49
1032	128	208
1187	39	134
1188	64	284
642	112	895
239	37	142
713	54	383
1189	46	332
1037	68	341
1190	15	36
316	26	484
252	16	165
583	46	1191
368	9	492
36	66	1192
740	15	36
1193	15	36
451	12	1194
1170	37	173
8	62	180
92	41	571
490	46	1195
620	58	49
1196	54	383
968	19	49
1197	15	36
269	16	141
1198	8	17
759	16	493
746	112	751
606	8	17
461	21	57
1195	39	134
172	8	17
55	20	479
1019	109	1122
1083	37	27
524	7	80
1199	19	49
550	87	369
1200	150	92
694	121	90
68	16	1031
1092	28	92
1201	79	415
173	6	599
488	32	49
36	66	1178
297	106	1202
141	8	17
131	16	1203
225	10	92
624	7	92
1043	19	49
313	26	1040
364	16	160
1204	34	1005
896	30	90
781	8	17
712	1	3
162	17	23
395	7	22
931	81	1205
237	16	303
131	16	251
902	15	36
159	43	1033
387	7	15
489	37	173
1206	45	167
972	45	167
1207	19	49
686	1	3
1208	8	17
751	137	853
1209	32	49
331	18	1003
148	84	310
772	16	771
176	12	365
1035	37	136
392	131	667
730	1	3
271	0	35
894	38	758
1210	15	36
240	76	1211
1212	8	17
538	7	396
787	45	678
511	19	49
818	70	241
139	12	1
1213	79	415
324	8	17
805	12	419
258	19	49
1214	8	17
793	143	119
657	98	357
1215	8	17
759	16	131
1095	28	148
487	2	640
831	19	49
131	16	494
117	131	872
998	16	1033
622	9	505
1216	64	284
634	9	1217
246	16	659
769	8	17
634	46	1020
1074	12	340
511	39	134
747	7	178
1133	15	36
381	26	380
1217	72	1151
1218	49	694
1219	8	17
2	103	92
29	4	483
29	4	1062
419	37	805
722	10	310
321	15	36
676	2	5
39	37	287
424	108	879
92	61	161
705	60	1157
998	46	831
1220	34	1221
1217	7	6
251	26	71
871	35	1222
595	19	49
309	10	685
276	7	148
1223	2	5
91	153	486
290	37	725
1224	107	56
421	1	927
710	12	966
231	8	17
489	91	245
421	7	6
423	26	71
339	28	22
301	12	814
81	21	568
407	1	406
236	31	1071
342	15	36
1225	15	36
1155	15	36
1097	19	49
538	7	80
377	46	138
0	1	3
1226	79	415
1195	0	410
450	81	57
651	113	431
951	7	80
614	37	411
383	42	1016
835	1	33
333	19	49
171	43	279
88	14	763
392	79	415
377	68	385
1092	45	167
1227	15	36
519	7	22
45	16	96
1228	15	36
1229	19	49
912	28	148
932	16	180
8	4	1230
136	12	1155
1221	8	17
70	46	277
72	26	278
848	84	552
662	40	310
1231	11	24
716	29	49
479	8	17
597	115	1232
1118	37	1233
148	41	910
421	1	406
657	59	1234
1013	15	36
68	45	167
870	19	49
176	6	603
1235	64	284
352	37	42
1148	140	92
1017	1	3
210	37	287
1143	2	5
950	53	15
507	8	17
109	59	1105
3	14	1236
932	46	693
164	16	180
310	41	662
1237	39	134
1176	154	1064
191	87	1205
342	126	1103
176	12	991
1121	8	17
461	73	866
538	7	47
307	15	36
827	16	925
1005	28	148
171	24	3
712	47	710
187	8	17
78	8	17
36	66	92
581	7	22
833	19	49
8	4	1238
240	4	699
215	121	90
141	46	405
252	29	49
176	6	899
8	76	895
401	19	49
461	21	369
221	9	863
255	140	148
1154	151	15
604	16	691
1217	7	396
376	47	743
36	66	1239
482	26	1240
188	37	1074
49	88	1241
57	21	1205
963	8	17
1242	7	298
1036	6	1243
566	10	22
8	76	1244
159	0	1033
939	8	17
743	12	1098
614	81	58
148	41	1245
503	8	17
378	7	22
680	16	163
1246	8	17
1247	39	134
453	15	36
790	109	1122
706	1	3
1196	2	5
1040	15	36
795	2	640
240	4	1093
1042	8	17
174	10	22
585	16	584
377	26	244
430	40	92
994	141	1112
1248	31	1249
1092	16	959
612	19	49
739	15	36
1250	15	36
882	1	3
1251	48	179
140	1	3
1096	15	36
345	26	817
1218	123	137
552	84	848
1252	7	148
159	0	364
743	12	377
1253	39	134
137	8	17
312	16	1040
175	1	88
642	34	532
600	103	92
1254	115	1232
121	6	66
8	4	214
1096	45	167
177	112	1102
1255	30	1104
1256	8	17
662	111	310
1030	28	148
276	7	15
1033	46	610
1170	46	25
835	39	134
1225	8	17
596	68	440
173	12	817
451	17	867
1257	15	36
383	41	241
1132	39	134
524	7	298
121	12	1258
379	8	17
572	21	81
28	29	49
990	111	148
1259	64	284
29	76	1260
805	17	43
29	4	357
730	47	142
1245	111	148
863	39	134
1261	8	17
705	16	275
202	94	319
8	62	814
435	1	3
704	45	167
706	56	288
1262	3	1263
568	21	58
978	81	57
642	34	290
738	1	3
1190	50	191
581	7	47
299	26	278
483	112	895
1001	17	331
515	9	882
441	15	36
29	4	351
1018	2	5
1264	2	5
779	16	981
1265	112	895
475	12	1028
362	0	361
212	24	64
1036	17	943
1115	1	402
165	16	227
1266	155	1267
549	37	12
499	82	525
490	68	1195
1268	77	149
1269	65	49
672	8	17
1157	7	298
390	37	287
8	4	1270
162	17	536
385	47	710
1157	7	80
49	53	1137
45	16	827
798	39	134
239	2	5
919	15	36
460	106	459
734	45	167
343	85	22
1252	7	80
683	120	453
474	21	572
771	15	36
1271	37	176
572	21	57
741	16	165
572	21	474
163	8	17
377	16	616
161	156	668
1272	92	98
389	16	1273
786	2	5
1274	30	90
188	8	17
856	1	3
3	14	511
1275	92	431
70	16	71
242	16	206
712	19	49
566	10	848
1276	15	36
317	39	134
549	46	212
286	58	49
1277	19	49
1214	15	36
81	87	191
266	19	49
1278	8	17
611	15	36
64	14	892
321	26	515
694	8	17
495	83	1279
173	12	345
526	15	36
340	15	36
1280	8	17
468	65	49
600	7	22
162	17	1281
165	16	164
8	4	1282
171	1	3
697	133	305
603	19	49
8	4	1283
138	1	3
687	8	17
433	16	85
630	64	284
1284	7	22
489	29	49
566	157	161
19	29	49
1175	81	81
62	23	933
368	2	640
659	16	246
524	19	49
923	45	167
314	67	229
1124	131	872
758	38	894
1285	41	1286
410	37	648
1284	7	47
511	1	88
48	78	417
458	1	3
506	0	114
545	102	233
12	6	600
1287	48	179
1063	37	121
373	75	1288
1022	2	5
240	4	746
368	15	36
908	122	1289
716	58	49
410	9	877
166	16	493
821	54	348
438	8	17
410	37	287
333	106	1003
408	7	6
1290	8	17
666	117	340
139	12	772
458	72	367
417	8	17
1108	39	134
349	15	36
582	26	1067
3	14	84
334	34	844
1291	55	224
36	66	1292
90	42	1016
258	49	257
63	80	62
736	149	444
423	45	167
3	14	1293
411	12	649
951	7	92
901	9	851
276	7	92
288	68	421
349	26	312
635	19	49
87	19	49
631	41	630
71	9	900
31	108	32
1294	28	148
724	9	629
1014	19	49
307	46	138
271	24	1295
1285	41	1296
161	158	668
308	16	358
817	16	1028
476	2	5
90	41	865
1297	91	250
408	7	15
741	16	498
1298	8	17
882	39	134
712	1	406
91	7	148
1174	108	1299
965	15	36
3	14	497
1005	2	5
1300	92	368
271	43	428
1005	8	17
39	29	49
256	19	49
874	13	875
604	15	36
929	20	930
970	37	121
1301	19	49
297	7	6
312	26	1040
1302	25	665
369	87	546
1303	8	17
183	2	5
83	54	90
305	54	383
107	34	303
100	0	1033
117	35	1222
114	46	506
1304	136	683
500	82	749
133	7	22
722	10	178
609	39	134
327	16	119
666	117	1071
804	39	134
1305	15	36
36	66	1306
794	77	90
63	98	351
698	19	49
629	39	1307
382	127	794
242	37	173
14	7	80
1308	8	17
932	16	132
260	19	49
371	8	17
127	39	134
310	89	552
683	120	785
1168	20	1309
250	0	114
1028	15	36
388	15	36
676	45	167
8	62	1310
635	0	634
1082	19	49
369	87	474
226	39	134
49	53	148
1311	8	17
933	80	62
492	39	134
1312	37	1313
1314	120	384
307	16	358
437	82	972
275	30	90
939	29	49
1258	8	17
1108	0	1315
1	46	0
1068	19	49
36	66	224
719	56	490
48	1	3
132	16	166
90	41	633
230	16	231
1316	30	90
1074	12	302
1033	16	998
840	68	407
1317	43	1042
537	26	1318
742	15	36
844	9	0
55	107	1319
1160	159	39
1320	8	17
579	102	503
1035	8	17
892	1	3
1321	115	1322
77	15	36
12	17	234
659	30	90
410	16	802
1140	8	17
131	16	493
1323	71	159
3	14	1324
513	18	1325
939	5	1326
6	41	917
253	8	17
124	2	1327
266	47	1004
518	15	36
322	6	436
364	8	17
96	16	827
1154	151	298
268	19	49
605	7	80
473	115	1328
92	41	1002
1329	18	615
966	9	46
145	15	36
21	10	92
697	2	306
675	16	102
1297	15	36
169	15	36
586	1	3
364	37	121
90	41	1330
1331	135	49
391	38	390
122	39	134
805	6	432
794	77	69
219	22	774
525	94	749
229	2	5
572	87	81
73	47	322
696	8	17
855	82	549
1252	19	49
951	7	6
832	2	5
40	16	103
278	26	320
36	66	147
354	1	64
1258	37	121
820	6	250
424	13	1332
518	2	318
1217	7	47
943	71	245
779	8	17
584	8	17
437	82	398
1018	16	1118
1135	8	17
623	15	36
618	41	617
674	118	296
605	39	134
802	16	275
58	95	461
967	15	36
277	39	134
865	110	90
8	76	1211
1118	26	797
3	14	1023
1203	26	131
612	129	841
1015	8	17
1066	29	49
1015	2	5
246	91	245
1333	92	487
447	28	92
240	4	1334
1015	26	573
1335	2	318
522	8	17
405	32	49
628	9	938
29	4	886
1336	28	148
946	15	36
439	2	640
649	2	640
1153	65	49
1253	19	49
539	92	1337
39	45	167
1078	99	1077
241	34	1096
321	26	320
1338	15	36
57	21	369
1339	8	17
904	8	17
70	9	899
740	28	92
1193	29	49
395	19	49
1121	54	224
487	128	224
499	82	1121
347	8	17
275	16	705
404	8	17
1340	31	1071
846	7	80
1154	151	178
966	9	413
35	2	5
129	15	36
274	7	92
602	39	639
1033	37	42
8	4	842
864	0	368
495	83	443
378	39	639
189	46	693
385	0	377
1341	111	92
1040	16	313
795	160	405
156	8	17
969	7	396
809	159	1061
363	16	160
803	8	17
832	68	146
3	14	232
278	16	72
932	37	805
1065	92	1337
421	7	92
180	26	165
785	2	5
550	21	57
596	68	595
313	26	312
352	46	432
1342	9	1081
139	6	1068
1343	94	68
645	22	61
395	7	47
29	4	1344
1203	8	17
3	14	1157
387	7	80
1345	65	49
265	9	538
275	60	133
1174	15	36
826	45	167
70	9	112
300	15	36
308	26	358
1346	8	17
71	45	167
10	161	11
288	8	17
26	8	17
1062	30	90
139	6	599
799	16	102
49	53	248
251	29	49
545	2	5
628	46	524
383	41	1347
1348	8	17
1349	8	17
1125	8	17
74	15	36
159	0	160
1324	1	3
811	2	5
1350	1	3
113	46	506
92	41	1351
1335	9	429
1133	8	17
1137	138	49
76	7	80
1302	29	49
191	87	540
342	9	1352
1353	19	49
139	6	385
507	37	805
545	81	369
162	12	742
1160	94	83
1191	24	3
3	14	171
1205	87	191
663	7	92
817	26	345
1354	64	284
551	48	179
177	30	449
418	12	615
1355	111	148
437	147	92
243	105	792
3	14	1115
616	8	17
301	12	578
780	103	92
1262	90	131
1202	46	297
539	92	1261
324	162	212
928	21	369
488	24	3
816	54	1356
798	19	49
1335	9	421
153	42	1016
161	158	566
951	19	49
381	16	553
814	8	17
1118	8	17
1159	15	36
767	1	3
320	26	312
82	21	57
1335	2	454
958	37	725
566	10	685
364	9	413
1357	34	995
408	7	92
593	34	270
3	14	899
85	16	433
3	14	196
340	26	391
781	15	36
1358	163	1359
1266	8	17
202	94	636
1360	16	94
406	14	497
160	16	363
928	21	57
218	10	47
132	9	1049
1217	7	80
1160	15	36
1063	37	301
8	4	810
1361	120	233
280	19	49
713	15	36
124	102	703
423	16	493
178	93	1362
212	24	3
1363	163	1364
1243	24	3
617	97	105
747	19	49
1179	45	167
251	16	71
136	12	932
8	76	643
1365	59	393
29	4	842
566	10	6
107	34	1063
132	46	1049
364	26	1033
1035	37	139
980	1	3
1125	15	36
1039	15	36
105	33	104
787	46	184
602	39	134
899	72	367
305	8	17
225	10	148
36	66	834
80	44	161
3	14	1187
66	24	927
1301	1	3
1366	11	24
390	26	649
1092	26	959
202	15	36
132	8	17
683	120	1367
398	45	167
1073	115	1368
29	62	959
787	8	17
624	19	49
773	45	1016
1369	48	179
3	14	589
996	161	1370
173	6	589
308	2	5
600	7	6
423	16	135
288	15	36
645	22	830
1063	16	675
139	6	370
546	87	369
919	37	173
949	8	17
1097	7	80
1057	45	167
1070	122	1371
252	16	741
231	16	230
191	101	574
29	4	1372
1373	8	17
165	16	941
3	14	738
330	34	684
714	39	134
246	8	17
191	101	445
235	46	436
680	128	989
576	19	49
697	8	17
223	55	1364
369	73	866
508	2	639
1374	38	377
1198	2	5
29	4	334
407	1	64
1242	7	47
1353	1	737
1373	2	5
1191	43	583
1375	37	725
699	55	1376
1355	40	148
278	15	36
187	81	550
6	138	49
662	132	880
493	16	166
1218	78	1150
566	10	178
31	8	17
46	1	3
1098	54	153
1377	31	431
793	94	1075
1378	130	415
131	16	135
1379	9	800
20	72	367
502	38	713
181	6	747
981	8	17
1241	15	36
428	8	17
1380	2	5
836	7	396
1305	8	17
271	24	88
1353	1	3
176	12	787
109	35	1222
904	58	49
1198	45	167
8	4	1381
1376	64	284
858	16	189
705	60	399
1014	1	3
703	15	36
835	1	3
1290	15	36
978	81	369
799	16	676
675	16	1063
377	26	616
775	77	149
119	67	131
1382	19	49
307	8	17
599	47	173
71	8	17
843	6	155
112	19	49
1044	43	996
3	14	864
1383	15	36
538	7	22
969	7	6
1320	2	639
139	6	505
369	87	191
1384	8	17
1382	49	779
816	128	1356
566	10	92
447	45	678
1385	64	284
629	39	134
1386	8	17
266	47	173
336	39	134
941	16	166
1387	49	1325
44	37	176
1017	106	1326
1157	7	47
59	37	136
447	108	448
996	8	17
758	16	1386
962	19	49
524	7	92
1388	102	1196
883	22	1072
251	26	423
731	46	602
351	112	49
593	112	895
878	15	36
73	7	92
3	14	341
90	41	311
11	26	10
1298	128	348
81	21	86
1220	112	49
1148	111	92
1389	2	5
539	92	761
821	8	17
369	73	545
1350	19	49
1237	19	49
1108	49	242
395	7	15
406	14	581
1390	2	5
364	26	160
160	16	364
440	0	596
160	37	12
758	9	605
102	26	691
76	7	15
166	9	765
531	7	15
416	1	3
531	106	1391
1365	59	818
1237	49	1037
623	2	5
1392	37	42
1253	1	3
1101	37	121
1126	39	134
1115	1	3
92	41	1148
1204	34	1181
379	2	5
679	28	148
59	9	38
510	2	5
742	37	176
219	22	61
94	16	1360
222	2	5
1097	7	6
1131	77	149
1156	7	92
196	1	402
1179	9	836
1393	131	667
763	19	49
947	8	17
10	8	17
41	16	103
969	7	80
81	95	461
465	115	656
395	1	3
216	15	36
717	43	1094
176	12	397
995	8	17
805	6	171
595	49	596
271	24	1394
334	112	895
1395	9	341
96	16	925
1073	30	153
278	46	719
205	11	24
1312	8	17
881	84	148
417	37	173
1157	7	15
661	15	36
607	37	136
1094	29	49
10	46	317
903	87	58
88	14	823
660	8	17
71	26	70
139	6	598
370	123	626
240	4	1396
686	103	92
8	62	583
1109	41	688
340	16	389
122	49	1037
1169	104	92
221	9	1277
866	16	718
1218	19	49
494	16	423
348	132	880
600	7	15
1101	9	378
1223	8	17
1397	8	17
714	19	49
29	4	151
1343	37	12
40	26	41
364	16	363
578	8	17
301	12	1398
966	37	139
55	126	1399
546	101	993
1187	19	49
36	66	688
1293	19	49
369	21	474
203	18	626
207	8	17
37	16	242
1400	72	367
13	0	327
792	103	92
178	42	167
1083	119	1401
740	26	739
222	16	594
722	10	80
863	1	3
187	16	270
758	15	36
1029	7	22
159	32	49
182	2	640
139	6	435
293	8	17
8	4	1255
919	2	5
987	19	49
1179	58	49
148	42	1016
159	0	363
230	128	1046
340	37	411
792	19	49
1169	41	1104
1402	135	49
606	119	682
1403	32	49
1276	16	1155
254	18	1404
466	54	148
1352	19	49
0	19	49
408	19	49
976	8	17
85	26	433
713	102	257
317	144	1048
521	8	17
734	2	5
814	45	167
826	29	49
1405	19	49
951	7	148
494	16	135
180	9	833
229	37	121
142	6	452
320	16	312
298	104	930
444	9	1406
654	9	1253
747	1	3
69	41	1407
846	7	92
1284	7	6
1408	15	36
634	2	5
663	7	80
740	16	739
212	0	549
1388	15	36
517	68	598
546	21	550
21	10	650
1409	46	341
29	4	1265
423	16	131
3	14	960
131	46	294
423	16	494
767	19	49
1410	60	581
1411	115	1232
936	8	17
645	22	1072
1412	65	49
276	7	22
175	49	514
726	8	17
1413	9	1400
1400	19	49
823	19	49
494	9	226
1414	72	367
229	15	36
912	15	36
981	16	779
634	8	17
8	4	241
361	37	173
1022	16	307
849	15	36
248	84	650
1404	8	17
173	6	738
377	16	307
79	8	17
940	7	6
254	71	600
1194	2	454
1163	26	303
391	94	83
753	29	49
713	45	167
133	7	92
629	19	49
164	26	252
36	66	1415
349	16	312
911	110	90
1142	1	737
58	21	82
734	8	17
447	8	17
531	1	402
596	26	979
57	21	81
320	8	17
1127	2	640
1014	1	33
980	39	134
587	39	134
1157	1	3
1215	15	36
705	60	992
489	68	1132
605	7	6
730	72	367
1337	8	17
789	8	17
449	140	148
21	10	848
1167	140	310
755	45	1139
1416	12	1417
575	43	559
787	28	148
1312	15	36
526	9	372
676	8	17
1418	64	284
327	16	922
274	7	224
98	15	36
466	2	5
1419	15	36
797	2	5
515	16	320
858	2	5
663	7	15
731	8	17
1420	11	24
634	9	918
1421	84	1422
1423	28	148
58	95	81
709	8	17
369	73	739
515	8	17
501	2	158
37	8	17
573	29	49
538	1	3
1061	159	809
148	41	619
411	12	340
381	16	380
1202	30	90
446	12	39
43	18	821
775	77	383
1424	84	1425
1426	15	36
784	0	1060
724	54	1427
1428	65	49
2	1	88
1333	92	210
407	19	49
1264	54	383
90	41	1192
347	2	454
46	39	134
12	12	327
573	26	1015
202	45	167
191	101	453
940	39	134
1320	164	530
141	16	269
1063	16	676
451	12	188
76	144	1048
36	66	971
276	123	1060
174	10	310
1075	94	793
1053	8	17
1429	15	36
117	35	1161
202	38	319
196	39	134
598	19	49
1281	11	24
83	38	391
730	7	80
704	2	5
1430	32	49
39	37	648
1164	31	1059
29	76	643
1004	6	73
498	16	165
358	16	307
426	65	49
505	1	64
234	18	160
91	39	134
738	123	718
1229	0	215
638	140	148
304	19	49
851	7	92
398	102	1084
878	13	879
634	9	1020
660	165	58
10	46	394
1431	13	425
232	47	1149
1097	7	15
662	140	310
486	9	664
797	102	1083
1432	16	342
389	16	94
39	26	389
76	7	22
791	19	49
413	19	49
3	14	460
776	77	149
776	127	775
1107	8	17
768	8	17
181	12	787
36	66	1433
1434	2	1435
278	16	320
242	37	139
239	15	36
741	16	352
1436	8	17
1417	8	17
240	4	357
614	9	341
433	26	85
26	46	25
680	54	1437
1118	16	797
963	37	725
960	153	752
1024	8	17
84	19	49
992	19	49
441	9	155
718	46	738
49	137	751
149	84	1114
376	47	375
581	7	80
1438	64	284
75	8	17
596	8	17
597	166	1439
657	36	118
1045	36	118
410	16	206
8	62	1386
296	8	17
1298	2	5
41	16	40
1342	29	49
620	9	524
677	8	17
1021	107	92
792	106	1391
176	6	822
261	8	17
998	46	1400
494	16	130
466	15	36
1273	16	340
826	9	292
379	26	235
344	37	139
747	7	6
320	26	515
673	108	425
816	52	39
1033	37	121
148	41	1204
535	103	92
232	167	558
335	45	1016
139	6	1277
240	62	606
899	0	70
69	90	368
1440	77	149
925	16	45
432	47	42
133	7	396
882	1	64
370	1	3
14	7	22
176	6	333
178	104	930
757	97	105
1234	70	658
88	14	1049
173	6	960
304	39	134
1010	15	36
477	161	1441
89	65	49
343	19	49
541	21	540
362	1	3
303	9	429
1010	45	678
779	68	747
369	73	978
377	68	138
494	16	759
1145	8	17
274	7	80
91	7	178
600	7	92
29	76	1102
270	37	1074
29	76	751
191	87	928
3	14	717
293	128	147
1420	18	68
1037	68	784
62	23	565
12	17	588
1340	117	1071
408	1	3
919	8	17
240	76	1260
327	29	49
1325	37	173
751	8	17
564	112	49
840	8	17
734	94	166
851	7	6
155	7	80
1123	19	49
1442	1	3
859	22	774
4	8	17
1268	77	383
1144	15	36
833	1	3
523	8	17
109	131	872
253	37	301
519	1	3
1150	8	17
423	16	70
436	103	80
1416	12	715
265	16	131
29	4	1443
275	60	1029
972	5	1444
148	41	757
372	19	49
189	26	858
276	7	396
486	2	5
1276	2	5
340	16	649
1445	41	1446
1447	15	36
394	168	10
162	17	1420
869	2	158
730	7	92
1256	28	148
1168	20	1169
948	8	17
581	19	49
162	17	203
213	41	1306
793	8	17
756	15	36
1013	16	557
322	6	780
578	15	36
1247	106	659
335	9	401
1104	41	1255
399	1	3
654	8	17
243	1	3
388	37	338
719	19	49
1448	37	176
676	16	675
82	21	58
1195	0	490
235	9	294
787	37	162
216	81	369
687	37	173
1009	28	310
1449	8	17
442	83	496
434	45	167
406	14	274
361	46	362
500	82	661
1374	15	36
797	8	17
464	150	92
1399	1	3
15	104	92
56	104	15
380	9	1126
3	14	2
844	2	1435
313	9	1068
1198	29	49
1429	16	1390
185	8	17
824	2	5
472	15	36
3	14	266
333	1	3
1411	55	617
15	104	56
2	19	49
626	46	370
252	9	226
1344	112	895
851	7	148
1118	15	36
48	0	417
199	41	1450
8	4	228
171	32	49
317	168	10
1242	7	15
165	26	498
1451	100	115
1452	34	1453
3	14	693
1454	7	298
173	12	244
771	37	136
505	47	142
1234	70	868
364	26	976
404	54	1455
453	50	191
988	82	265
3	14	407
131	9	333
173	6	2
46	19	54
609	72	367
1164	31	781
164	26	180
1456	8	17
3	14	609
535	19	49
1196	15	36
676	16	102
173	6	435
686	103	15
1044	24	64
215	121	695
758	46	605
1442	7	47
16	45	167
383	41	1457
1068	1	927
265	16	494
1035	15	36
786	15	36
278	8	17
86	21	541
674	15	36
1004	6	1049
351	34	290
998	9	1400
1266	155	412
1374	9	556
12	6	266
66	32	49
8	4	1265
874	15	36
1132	19	49
452	47	142
802	29	49
128	45	167
249	8	17
941	16	132
90	41	1109
922	16	327
1084	28	92
206	8	17
73	103	92
871	35	1161
1063	16	799
644	28	148
380	29	49
40	8	17
308	15	36
206	2	318
29	4	177
1386	16	758
1458	112	1244
1029	1	613
1346	28	310
1459	115	1232
1460	37	162
1186	49	257
724	8	17
839	8	17
500	82	68
83	94	1160
1258	15	36
71	16	423
1218	106	459
1128	32	49
377	37	173
827	16	45
84	7	92
1018	8	17
780	19	49
29	76	853
136	12	507
701	15	36
1454	7	15
645	22	1461
12	6	1236
3	14	892
173	6	1218
664	56	486
1414	19	49
1462	161	705
903	21	57
16	9	1454
369	21	58
1012	54	90
1463	34	307
684	8	17
369	21	57
1142	1	402
235	26	379
1107	37	475
438	81	57
418	17	234
397	37	176
1225	2	5
1423	29	49
162	17	513
683	120	1464
580	15	36
566	10	552
155	7	178
312	26	320
394	7	685
799	16	1063
572	73	302
410	2	5
1103	39	134
1465	50	191
36	66	1466
1432	15	36
368	2	454
581	103	80
347	2	158
57	21	461
212	47	42
244	46	243
979	8	17
663	7	298
3	14	436
81	21	58
148	84	881
55	126	48
477	5	1441
36	66	617
1170	46	332
588	18	1467
235	8	17
1240	26	482
162	142	24
1468	28	22
857	71	123
1469	30	383
340	16	1360
1042	128	224
186	7	15
1107	45	167
310	14	143
585	26	584
1449	15	36
143	19	49
1236	39	134
930	169	224
724	128	1427
1305	28	148
90	41	688
316	16	484
994	141	1338
1470	8	17
897	30	543
36	66	942
29	4	593
1342	26	1258
121	12	1101
600	7	80
826	15	36
275	60	256
3	14	274
1179	15	36
1448	28	92
441	2	5
967	37	173
8	4	692
597	170	6
139	6	123
755	2	5
341	49	1037
1015	45	1016
1242	49	687
183	15	36
92	41	1341
1464	8	17
1471	171	224
1442	7	80
1098	2	5
163	16	188
489	8	17
531	19	49
1365	131	667
505	19	49
223	115	1232
1256	15	36
88	14	25
1326	30	90
39	152	1160
407	1	3
498	26	741
153	84	90
932	9	292
294	0	131
406	14	612
302	16	340
1146	15	36
174	10	1251
245	24	927
1066	9	463
797	16	1172
788	8	17
1194	29	49
324	2	5
1005	15	36
394	0	10
1472	120	615
345	16	817
1097	7	22
779	46	747
8	4	1473
783	23	782
515	26	312
240	4	1463
165	16	166
1040	26	313
69	41	1292
1325	15	36
1027	15	36
229	58	49
122	106	659
1280	121	695
973	19	49
1474	79	415
1118	26	1172
49	88	484
1149	6	960
1475	55	224
408	103	92
18	112	895
728	9	798
1192	84	865
162	17	1231
471	8	17
463	39	134
552	89	92
6	97	104
647	130	415
246	162	245
1476	8	17
776	77	383
878	8	17
423	16	265
1348	15	36
236	31	441
240	4	18
604	2	5
1352	47	173
1477	15	36
1344	130	415
1244	172	640
43	18	308
224	97	104
461	95	81
136	12	59
837	8	17
340	2	95
1478	28	148
76	103	92
408	7	148
269	54	625
302	16	802
1096	2	1479
71	26	423
1281	18	687
741	16	70
326	9	1023
502	38	559
321	16	312
1084	8	17
55	20	930
855	82	502
238	9	485
253	9	175
794	77	153
837	108	562
67	46	767
77	8	17
1480	8	17
1481	19	49
980	124	1145
1482	15	36
29	4	330
12	6	1481
114	46	250
97	31	169
853	137	751
511	106	705
636	45	678
275	65	49
90	41	801
431	8	17
173	6	65
771	9	980
932	9	833
1170	15	36
800	49	779
1483	2	5
1277	39	639
1417	54	90
756	29	49
4	15	36
219	22	1072
563	38	130
624	7	15
165	9	91
51	8	17
865	84	311
724	15	36
943	18	246
8	62	1337
36	66	1359
1484	41	1113
145	58	49
1339	2	5
1390	16	1429
807	37	451
39	37	446
427	16	709
236	31	445
1465	8	17
28	29	950
1150	29	49
265	9	304
275	60	992
52	39	134
1485	8	17
555	16	554
874	8	17
906	65	49
1486	31	946
142	6	429
45	9	1387
29	4	748
1195	49	490
369	73	690
343	106	275
72	16	278
1193	28	148
421	72	367
33	14	1014
1001	12	1150
3	14	556
173	12	687
1487	100	1488
850	15	36
421	7	80
174	10	178
275	166	705
1	9	1293
3	14	277
1091	8	17
383	41	1489
914	108	520
706	39	134
1442	7	6
3	14	243
967	8	17
237	8	17
1160	152	39
100	24	3
132	2	5
6	97	105
742	8	17
664	39	134
1032	54	208
1490	46	1218
195	9	856
84	39	134
438	15	36
92	14	73
3	14	1068
855	135	950
235	15	36
489	91	488
1454	39	134
8	76	1102
75	37	139
113	162	250
369	101	1491
39	16	389
406	14	421
705	60	511
8	4	1492
1493	41	330
1257	2	158
955	2	454
1494	2	640
10	2	5
799	16	675
1180	15	36
550	87	572
29	4	764
571	111	92
163	81	57
855	82	672
201	94	758
1236	1	402
234	18	165
1495	37	451
224	132	880
1434	54	90
92	41	1496
565	59	329
1033	26	160
1497	28	148
1442	49	489
142	6	1207
612	7	22
1359	99	1498
1499	82	1436
10	68	394
661	16	1155
473	86	469
1472	120	1134
713	8	17
140	19	49
269	8	17
1500	103	80
1023	19	49
738	47	139
1032	29	49
25	19	49
115	100	1501
376	1	3
3	14	492
900	39	134
114	26	113
36	66	1502
212	43	549
621	75	1503
392	98	241
403	103	92
14	7	178
1490	164	1218
148	138	49
1426	37	162
996	9	343
1397	108	1173
1258	54	291
276	7	310
92	104	1169
146	39	134
431	2	454
1207	1	3
1376	41	699
1217	19	49
390	38	649
77	16	728
257	26	844
257	15	36
840	68	65
785	37	139
675	162	250
1207	39	134
1054	37	957
466	29	49
310	14	730
164	16	252
8	4	593
605	7	92
410	45	1016
275	60	186
131	16	423
1341	150	92
1082	1	927
36	66	1262
391	2	318
466	8	17
1465	54	1504
1303	9	519
159	47	121
519	7	15
202	52	201
821	128	348
242	143	119
313	15	36
1262	97	105
940	7	92
693	32	49
1240	9	407
90	41	868
148	41	147
127	19	49
270	26	187
1149	6	138
1505	24	3
1423	8	17
70	26	251
776	127	1131
453	173	652
36	66	924
459	60	530
1112	2	1479
1160	94	39
128	2	754
1506	8	17
1507	8	17
402	14	232
316	38	128
128	38	316
29	4	1220
524	1	3
658	112	895
727	149	1143
899	1	3
1508	15	36
45	26	607
892	1	64
1172	26	797
207	15	36
920	144	1048
169	8	17
1465	2	454
565	80	62
239	16	1480
8	76	49
1065	92	347
1509	8	17
1498	41	1359
424	8	17
462	15	36
517	46	598
1477	8	17
1277	56	156
36	66	298
645	22	220
81	87	572
1047	45	678
315	71	271
1009	2	5
36	66	1510
341	39	134
190	25	69
1310	8	17
429	39	134
1001	17	1329
1121	9	870
119	143	793
160	26	364
683	120	869
297	7	22
312	16	313
69	90	636
771	46	100
68	15	36
732	39	134
530	1	88
1442	7	15
91	7	6
103	2	5
1511	43	251
1273	2	454
191	101	1165
1372	112	895
377	8	17
612	7	15
29	4	1085
704	15	36
19	9	186
397	54	617
650	84	248
802	37	287
683	120	342
1147	110	153
164	8	17
773	155	1267
1512	8	17
1063	45	167
1513	102	931
1019	110	90
588	18	553
588	18	381
615	8	17
620	15	36
262	30	90
748	112	751
1146	8	17
344	37	843
1514	11	24
493	16	131
132	16	941
1443	112	751
784	39	134
308	8	17
1383	2	5
609	19	49
67	37	139
709	16	427
88	14	1301
777	19	49
91	7	47
242	15	36
378	56	235
1005	37	173
1467	37	121
442	83	1279
598	174	1308
949	15	36
1166	45	167
1409	15	36
63	59	329
923	15	36
252	26	165
422	8	17
1336	15	36
1187	1	3
1432	26	342
1037	91	245
127	1	1099
232	1	402
480	84	591
1203	16	131
1297	162	250
759	16	265
1218	1	88
281	102	697
657	35	110
421	7	298
1112	8	17
131	16	130
717	43	716
174	10	15
133	7	6
1133	45	678
785	9	1293
544	30	543
1208	15	36
81	21	57
679	128	1185
552	84	551
260	1	64
182	37	176
281	8	17
163	26	188
193	9	192
8	4	1515
380	94	381
1516	40	310
545	8	17
1517	31	1363
759	16	494
951	7	22
240	4	1518
987	7	685
683	120	596
1454	7	178
592	15	36
822	19	49
377	38	1374
1217	7	22
211	2	5
578	121	695
1398	9	1399
139	12	615
322	6	73
1519	8	17
308	16	307
215	46	1229
290	8	17
1425	84	1424
176	6	266
222	37	820
1155	37	136
913	15	36
8	4	1520
1451	100	1488
282	57	90
88	14	732
836	7	92
241	112	895
732	47	12
611	28	92
6	132	880
8	4	647
186	7	80
201	9	485
10	16	11
234	18	252
683	120	75
1397	13	1173
1031	16	68
186	1	1099
361	45	1016
244	15	36
1017	19	49
335	46	401
1521	20	1436
484	26	316
467	45	167
1522	131	667
568	21	474
493	16	759
515	26	320
1217	7	148
153	41	1147
822	1	402
240	4	921
1349	15	36
1523	58	49
892	19	49
828	31	182
677	28	148
1524	31	1130
840	2	5
693	47	805
636	94	202
165	16	741
274	19	49
715	2	640
309	157	161
1377	31	487
995	119	682
940	7	22
747	7	80
1525	64	284
424	108	1332
1454	7	92
907	1	3
1149	6	456
1526	15	36
1221	15	36
836	96	1527
3	14	370
1468	8	17
1	128	790
90	93	542
1528	46	823
1250	29	49
109	59	1234
278	16	299
922	8	17
951	7	15
1529	31	397
380	38	803
162	17	1329
39	38	816
946	45	167
310	41	1530
1531	100	985
1532	15	36
1533	9	485
716	54	1534
667	175	170
447	108	1535
530	148	1536
36	66	1537
1285	41	1538
36	66	1539
8	4	1540
1541	41	1510
1542	122	1202
1543	32	49
1544	57	1545
1546	31	210
955	173	1547
240	4	1548
1549	31	1261
1550	23	1551
1552	115	1232
1553	34	959
1554	19	49
240	4	1555
1556	31	410
1557	77	1541
1558	84	887
1559	131	667
1560	64	284
1561	112	895
332	176	1189
1562	92	462
1563	64	284
1564	92	190
90	41	1565
666	177	1566
1567	15	36
36	66	1568
882	1	1569
29	4	1570
90	41	1571
1572	115	656
352	128	1573
419	161	1574
1575	103	310
1576	8	17
1577	166	1275
1144	128	1578
1579	32	49
1096	178	794
621	75	1580
1581	31	1011
1582	138	49
1583	126	1253
240	76	1584
1585	179	1550
1586	32	49
1224	107	1587
1588	92	781
1589	24	862
1590	171	1591
1592	31	1165
859	22	1593
1	180	0
3	181	2
5	182	4
7	183	6
9	184	8
11	185	10
13	186	12
15	187	14
17	188	16
18	184	8
20	189	19
22	190	21
24	191	23
26	180	25
28	192	27
30	184	29
32	193	31
34	194	33
36	195	35
36	195	37
3	181	38
5	182	39
41	196	40
43	197	42
36	195	44
45	198	43
47	187	46
49	199	48
36	195	50
5	182	51
3	181	52
54	199	53
56	200	55
58	201	57
36	195	59
61	202	60
63	203	62
65	194	64
3	204	66
17	188	67
69	205	68
71	206	70
36	195	72
15	187	73
17	188	74
75	180	2
6	187	76
78	207	77
80	208	79
82	201	81
49	209	83
47	187	84
36	195	85
81	201	86
88	204	87
90	210	89
92	187	91
17	188	93
95	182	94
36	195	96
98	211	97
17	188	99
49	212	100
17	188	101
103	196	102
105	213	104
36	195	106
108	214	107
110	215	109
112	186	111
114	206	113
116	211	115
118	216	117
36	195	119
121	217	120
122	194	33
17	188	59
49	199	123
17	188	124
36	195	125
17	188	126
3	181	127
129	218	128
131	196	130
36	195	132
134	219	133
136	217	135
49	209	10
5	182	137
134	219	138
140	186	139
5	182	141
134	219	38
143	186	142
3	181	144
146	189	145
148	220	147
150	221	149
152	214	151
154	222	153
6	187	155
5	182	156
158	182	157
160	223	159
161	224	92
163	192	162
165	206	164
167	225	166
169	211	168
171	226	170
173	217	172
47	190	174
176	227	175
177	221	148
179	228	178
159	226	160
17	188	180
182	192	181
17	188	183
185	229	184
92	187	186
188	206	187
5	182	189
191	230	190
193	223	192
49	199	194
196	189	195
38	194	3
198	231	197
200	221	199
202	232	201
163	198	203
204	233	49
206	198	205
208	234	207
210	211	209
36	195	211
49	212	212
214	221	213
17	188	215
17	188	216
148	208	217
178	190	218
139	227	140
220	202	219
17	188	221
162	217	222
224	235	223
22	190	225
139	227	226
4	236	192
165	206	227
229	214	228
231	206	230
173	227	232
136	217	132
17	188	233
235	198	234
237	211	236
17	188	238
17	188	239
36	195	238
241	184	240
242	206	206
244	229	243
119	218	242
246	180	245
248	237	247
250	226	249
70	196	251
252	196	165
49	238	253
254	197	162
255	221	148
64	181	256
258	189	257
77	207	78
17	188	68
17	188	259
134	219	260
167	225	261
262	184	8
263	184	8
148	208	264
265	196	131
266	186	173
267	239	63
134	219	268
5	182	269
235	196	145
270	206	187
272	180	271
134	219	273
3	181	274
276	240	275
161	241	15
277	189	70
278	242	8
280	189	279
282	243	281
284	244	283
285	184	29
17	188	286
288	192	287
36	195	289
291	234	290
292	194	3
5	182	293
24	191	203
3	181	294
49	199	38
49	245	295
36	195	296
92	187	76
298	187	297
17	188	299
301	217	300
302	196	39
304	189	303
306	182	305
308	196	307
310	190	309
36	195	231
311	246	36
313	206	312
314	247	229
316	198	315
164	196	252
317	248	10
318	182	185
202	218	319
145	198	43
321	206	320
251	196	71
322	217	189
36	195	323
324	249	212
325	246	36
90	234	326
232	186	139
12	217	327
328	217	300
330	250	329
332	251	331
88	181	333
334	184	8
49	199	146
336	189	335
139	217	337
339	192	338
287	217	340
341	186	173
343	189	342
36	195	344
148	208	231
5	182	345
17	188	242
17	188	346
348	234	347
154	222	90
349	206	313
350	221	90
351	184	8
70	196	352
36	195	281
154	225	353
49	199	354
356	211	355
167	225	129
357	184	8
308	206	358
36	195	269
17	188	359
360	244	178
298	190	174
128	218	129
36	195	327
362	248	361
364	196	363
176	217	365
367	252	366
299	232	368
36	195	233
216	253	369
243	254	370
49	199	20
372	189	371
374	255	373
92	187	46
17	188	129
49	209	344
154	225	128
376	186	375
377	192	173
379	236	378
381	196	380
49	256	240
383	257	382
17	188	384
3	181	385
5	182	386
387	186	173
5	182	358
339	196	388
17	188	102
131	196	135
389	196	94
391	218	390
393	239	392
10	258	394
396	187	395
17	188	397
158	182	398
396	187	399
400	184	8
402	181	401
3	181	403
36	195	404
405	251	43
376	186	173
17	188	130
88	181	184
407	194	406
22	187	408
80	187	112
17	188	409
411	217	410
412	256	8
413	194	3
415	259	414
49	199	416
5	182	417
419	192	418
220	202	420
15	187	421
5	182	41
36	195	422
3	181	112
423	196	135
425	193	424
62	260	426
36	195	371
36	195	427
36	195	210
36	195	428
429	194	3
430	221	92
57	261	431
432	194	3
17	188	433
435	226	434
436	189	235
438	262	437
17	188	439
440	194	88
17	188	380
64	181	65
49	209	441
443	263	442
17	188	391
49	238	444
446	217	445
448	193	447
148	264	310
47	265	186
449	221	148
451	217	450
49	209	388
184	194	148
49	199	452
454	182	453
5	182	102
456	226	455
458	189	457
460	240	459
178	187	274
462	253	461
367	252	463
15	264	464
49	199	460
49	245	465
148	208	466
17	188	210
18	184	29
17	188	152
17	188	410
3	181	440
36	195	365
36	195	467
469	266	468
36	195	470
36	195	471
181	217	472
383	210	473
369	267	474
475	217	290
476	268	49
17	188	477
114	196	113
284	244	478
36	195	479
310	269	480
377	242	8
482	262	481
483	184	8
410	270	69
36	195	484
49	199	429
486	236	485
335	180	401
10	196	11
5	182	487
489	180	488
17	188	490
191	267	57
148	208	491
49	238	183
262	184	29
80	187	399
49	199	492
49	256	29
494	196	493
496	263	495
3	181	497
17	188	498
487	262	499
501	262	500
36	195	502
49	209	503
36	195	504
505	251	234
17	188	270
506	271	114
372	189	507
232	186	173
17	188	508
480	269	310
509	221	92
511	189	510
496	263	512
514	198	513
36	195	486
515	196	320
284	244	516
36	195	517
90	234	518
47	187	519
267	239	520
49	199	276
27	217	157
162	217	521
361	258	362
400	184	29
36	195	522
524	189	523
5	182	525
17	188	526
5	182	527
36	195	528
530	251	529
47	187	531
17	188	72
17	188	532
349	206	312
534	182	533
535	194	3
327	196	119
385	226	377
49	209	528
180	198	234
322	217	312
24	191	536
36	195	19
5	182	537
49	199	538
438	272	539
541	201	540
542	273	153
544	221	543
64	181	387
545	242	8
380	274	381
86	275	546
49	199	13
547	276	362
460	186	139
17	188	548
42	217	549
550	201	541
552	264	551
92	187	395
299	274	368
244	229	385
380	196	553
555	196	554
22	190	309
49	199	556
36	195	557
105	277	224
36	195	558
131	274	119
36	195	559
17	188	386
36	195	409
514	258	175
17	188	560
562	193	561
36	195	563
49	238	45
564	184	8
357	278	565
80	190	566
298	190	566
49	199	567
568	201	58
36	195	569
571	279	570
550	267	572
17	188	573
115	280	209
574	281	572
49	212	575
71	196	423
197	189	164
576	189	494
139	217	577
578	192	136
580	282	579
92	283	581
581	186	322
461	201	572
36	195	230
17	188	582
227	206	165
36	195	583
423	196	166
15	190	21
585	196	584
17	188	244
258	226	257
298	284	178
586	194	3
100	226	207
49	199	587
388	192	338
380	198	588
134	219	395
589	189	527
591	233	590
17	188	592
36	195	206
593	250	267
222	206	594
520	203	62
596	180	595
224	235	597
599	285	598
601	286	600
17	188	211
17	188	222
602	186	111
603	186	181
17	188	604
47	187	605
606	262	500
515	196	321
56	287	55
3	181	277
607	196	45
348	234	288
17	188	608
609	186	12
36	195	577
562	288	561
611	223	610
613	181	612
446	217	614
139	217	615
36	195	185
616	206	358
618	279	617
253	268	49
148	220	619
92	187	387
17	188	620
621	288	31
17	188	622
624	226	623
135	196	493
625	234	622
64	181	14
167	225	577
176	217	626
3	181	535
367	252	52
49	212	250
628	223	627
523	196	235
629	189	238
64	204	159
631	289	630
277	186	176
632	184	8
90	290	633
17	188	358
635	226	634
17	188	636
284	244	637
148	291	638
639	219	84
49	209	525
49	209	157
640	182	579
469	266	641
643	292	642
36	195	644
187	196	188
646	202	645
324	214	647
649	192	648
650	190	566
250	226	113
3	181	589
390	274	391
3	181	122
652	293	651
36	195	653
10	294	317
36	195	654
656	295	655
658	278	657
167	225	388
125	196	607
659	206	246
57	261	660
167	225	661
662	296	310
47	187	663
36	195	523
367	252	664
665	246	36
441	297	666
27	217	560
310	190	667
148	187	605
15	190	668
670	264	669
671	221	80
672	294	530
17	188	673
3	181	595
674	298	296
676	206	675
678	225	677
278	196	299
5	182	679
454	182	680
17	188	681
682	299	305
409	300	683
462	274	182
684	211	97
685	187	387
233	214	285
24	191	331
686	194	3
36	195	687
5	182	349
90	290	688
690	214	689
604	196	691
692	184	240
582	223	693
3	181	53
695	301	694
697	282	696
182	211	355
36	195	634
3	181	184
402	181	698
699	278	109
277	186	181
313	196	349
561	262	700
451	217	39
17	188	701
221	196	702
291	246	36
519	194	3
139	217	527
17	188	703
702	196	704
706	240	705
707	221	90
678	225	708
36	195	510
341	226	709
710	227	2
595	194	88
89	302	711
17	188	398
166	196	265
712	186	139
409	282	713
714	194	64
17	188	715
717	189	716
17	188	718
17	188	217
277	186	173
164	198	234
719	226	1
3	204	586
703	294	595
310	190	21
17	188	720
530	248	172
47	208	561
92	190	174
102	206	103
640	182	721
36	195	433
92	190	722
723	202	219
472	303	13
724	196	661
36	195	316
290	192	725
167	225	342
153	264	90
49	245	642
727	189	726
17	188	35
383	210	241
17	188	50
77	196	728
36	195	729
390	196	649
731	304	730
3	181	732
17	188	733
36	195	160
134	219	112
734	274	166
49	199	292
165	196	166
81	201	58
589	186	12
735	184	8
737	181	736
148	283	738
740	196	739
741	196	352
162	217	742
733	192	743
5	182	733
36	195	555
49	199	387
745	193	744
746	184	8
721	211	115
92	187	747
38	226	59
748	184	240
568	201	474
410	196	83
36	195	749
92	187	416
515	206	312
751	292	750
17	188	752
17	188	753
493	196	494
754	182	391
702	196	582
36	195	755
756	196	222
222	196	594
104	277	757
139	217	272
278	196	1
3	181	304
17	188	758
17	188	337
130	196	759
761	211	760
340	196	649
49	238	762
22	187	605
22	187	73
80	187	763
49	292	764
49	199	765
17	188	728
49	199	76
139	217	68
17	188	766
546	305	540
0	189	1
767	189	758
64	181	714
92	208	696
2	226	75
36	195	768
148	208	769
164	206	180
363	223	159
602	306	310
162	217	770
678	225	611
165	206	498
36	195	489
772	196	771
697	282	773
774	202	420
605	189	620
776	307	775
396	187	531
134	219	777
778	221	90
49	209	253
179	228	480
65	186	139
767	189	67
139	217	772
80	187	46
17	188	585
192	271	4
640	182	779
158	182	251
134	219	780
91	226	165
454	182	781
494	196	166
783	260	782
49	199	784
173	217	596
17	188	785
17	188	786
176	217	787
36	195	788
49	199	138
36	195	789
49	199	519
36	195	515
132	196	166
790	234	1
792	285	791
642	184	8
256	194	406
5	182	793
648	217	210
383	257	794
251	206	423
11	286	394
795	198	588
166	196	423
445	281	572
709	236	341
796	308	246
36	195	797
798	226	661
321	196	312
675	206	799
129	198	315
278	196	320
800	248	779
517	180	598
377	180	138
5	182	533
90	290	801
301	217	578
70	180	277
49	199	46
802	196	390
380	218	803
3	181	421
131	196	251
3	181	804
805	217	582
370	254	243
807	211	806
158	182	560
767	226	758
148	220	449
808	221	383
5	182	809
811	214	810
3	181	812
5	182	579
36	195	813
528	214	810
553	192	121
805	217	814
36	195	815
39	218	816
36	195	817
6	187	519
818	239	392
167	222	149
3	181	763
296	214	819
47	187	436
821	192	820
822	194	402
753	214	647
88	181	823
36	195	824
17	188	825
49	245	655
17	188	826
167	225	99
5	182	768
49	209	361
595	186	173
96	196	827
829	280	828
830	202	219
639	219	831
364	206	363
146	226	832
661	196	724
222	196	756
368	232	299
833	194	3
34	226	265
149	290	834
49	199	835
158	182	233
6	187	836
47	208	837
838	217	517
36	195	839
17	188	802
215	274	353
132	180	732
173	217	840
841	309	663
415	310	842
226	226	252
750	184	240
17	188	504
17	188	227
843	217	222
47	187	297
36	195	561
36	195	844
36	195	845
49	199	846
165	206	741
847	239	520
848	190	174
17	188	849
17	188	850
148	208	718
178	187	851
852	221	90
353	274	215
25	186	173
165	196	132
854	306	853
5	182	799
489	262	855
49	199	530
856	194	88
167	225	749
857	197	162
336	189	166
5	182	555
252	206	180
312	196	515
310	190	218
189	206	858
49	209	583
180	206	252
420	202	859
406	181	612
367	252	860
643	292	764
862	204	861
3	181	714
863	194	3
864	226	368
245	186	121
865	264	311
461	261	866
802	198	867
280	189	439
3	181	629
90	210	868
5	182	869
870	189	716
872	311	871
17	188	611
39	196	302
650	190	174
678	225	230
284	244	873
875	288	874
876	184	29
391	274	390
877	189	265
131	218	39
36	195	377
879	288	878
113	196	114
880	312	617
737	181	727
669	264	670
881	190	566
367	252	882
220	202	883
3	181	884
45	206	607
36	195	752
187	206	188
17	188	885
22	187	84
352	196	70
886	250	818
302	196	802
697	313	305
145	196	235
888	264	887
88	181	73
121	217	793
36	195	410
49	199	52
890	314	889
891	234	124
405	271	141
892	194	402
92	208	438
411	217	391
451	217	79
893	184	8
18	250	847
454	182	894
895	292	750
17	188	230
92	187	531
36	195	347
242	214	896
1	242	8
36	195	299
15	187	581
64	181	612
898	214	897
92	287	55
521	211	88
899	189	826
64	181	900
61	202	859
396	187	600
17	188	901
582	196	704
17	188	902
572	201	903
5	182	904
36	195	905
54	315	855
906	184	8
498	196	165
907	186	176
134	219	767
909	302	908
378	226	235
653	214	910
911	246	36
17	188	912
762	196	913
47	187	186
3	181	341
17	188	914
134	219	765
623	258	624
176	227	387
241	250	847
3	181	332
3	181	276
735	184	29
17	316	915
737	204	916
49	292	917
49	199	918
36	195	507
919	192	173
49	199	920
80	237	247
12	227	13
921	184	8
92	187	297
741	206	165
49	209	821
57	267	191
435	189	434
5	182	342
388	196	339
312	192	322
134	219	576
287	217	649
3	181	429
136	217	922
1	196	634
5	182	923
92	220	924
925	196	45
927	204	926
369	267	928
930	287	929
17	188	931
82	201	57
932	196	132
80	187	531
329	239	933
17	188	934
134	219	458
535	189	724
80	283	362
935	234	279
396	187	91
936	196	455
179	228	47
36	195	937
17	188	716
939	236	938
92	283	940
17	188	182
230	206	231
17	188	941
155	226	441
763	194	3
38	189	160
49	317	751
11	286	317
942	221	148
367	252	877
594	198	943
17	188	190
36	195	493
36	195	272
944	256	240
868	250	267
946	272	945
49	209	947
949	211	948
530	194	88
17	188	607
950	318	15
212	186	805
17	316	683
3	181	951
41	206	103
36	195	832
740	206	739
634	196	1
154	222	383
17	188	628
657	203	118
395	189	312
354	189	321
148	208	230
680	196	163
953	319	952
17	188	954
17	188	955
956	235	151
958	192	957
959	262	855
49	199	960
404	300	683
961	182	504
49	209	106
294	189	131
732	226	349
17	188	41
367	252	962
963	192	725
134	219	531
49	199	964
298	190	225
301	217	965
966	198	588
967	198	331
968	248	654
134	219	969
181	217	182
5	182	970
971	221	90
92	208	972
3	181	973
148	187	600
92	187	14
6	187	276
451	217	974
36	195	10
12	217	312
49	199	226
310	291	975
685	187	846
17	188	594
167	222	383
81	267	191
36	195	976
485	189	758
45	196	96
49	199	370
461	267	369
67	196	758
17	188	827
148	220	977
81	261	978
36	195	476
979	180	595
5	182	821
827	196	925
523	196	145
49	199	980
243	285	792
242	196	628
162	217	821
378	189	235
982	185	981
17	188	486
983	181	686
359	211	984
439	211	985
17	188	986
179	228	650
105	277	348
80	187	987
335	262	988
989	234	680
15	187	84
134	219	603
17	188	470
298	187	531
602	194	3
446	217	802
732	186	12
17	188	740
17	188	441
816	232	39
148	320	990
36	195	991
992	186	176
764	184	8
49	318	248
340	206	391
370	186	176
616	180	245
993	281	369
361	198	203
188	214	107
995	321	994
36	195	996
284	244	997
49	199	186
734	274	998
369	261	438
737	181	999
36	195	1000
24	322	1001
1002	234	438
162	217	137
1003	286	856
36	195	981
1005	192	1004
1006	221	90
297	189	428
17	188	1007
1008	288	837
36	195	1009
1010	192	27
451	217	1011
49	199	435
47	187	274
676	196	675
881	233	49
224	234	487
57	261	1012
1013	196	557
134	219	1014
36	195	1015
257	206	844
212	226	324
896	221	90
189	223	693
458	194	3
1016	225	614
17	188	257
242	323	119
939	236	1017
92	205	901
1018	258	598
1019	221	90
36	195	959
49	199	1020
931	293	651
56	200	1021
17	188	1022
3	181	1023
17	188	537
70	270	69
164	196	180
39	270	617
454	182	1024
13	186	173
17	188	815
1025	190	566
1027	211	1026
1028	192	725
92	187	1029
36	195	1030
17	188	1031
5	182	1032
310	283	143
49	199	458
22	187	155
1033	192	121
1034	221	148
1035	300	683
406	181	260
1036	217	616
175	186	176
173	217	1037
36	195	1038
17	188	563
320	196	321
802	192	411
377	196	307
318	182	1039
284	244	887
49	212	87
364	192	121
22	187	421
49	199	34
1040	196	349
17	188	614
411	217	802
370	186	173
642	278	933
17	188	932
265	196	494
42	217	729
36	195	606
24	191	857
884	189	165
5	182	1041
886	184	240
92	187	969
999	189	1042
685	265	1043
134	219	854
899	186	181
17	188	365
987	194	88
546	201	550
49	212	1044
1045	203	118
148	220	1046
267	239	933
148	208	1047
968	189	164
1048	324	612
158	182	124
319	232	202
3	181	1049
1050	308	424
148	208	1051
1053	211	1052
1054	192	957
15	187	836
159	226	363
36	195	772
340	253	572
594	214	1055
367	252	635
36	195	279
570	325	571
22	187	186
58	201	461
36	195	1056
22	187	663
49	199	196
36	195	827
1057	196	278
17	188	135
731	304	602
36	195	190
823	186	173
1059	211	1058
747	186	173
379	196	235
310	320	975
159	226	364
176	217	1060
166	196	130
17	188	1061
1062	221	90
102	196	103
36	195	490
635	189	634
17	188	349
36	195	1063
732	189	132
1064	234	290
423	206	70
72	272	1065
5	182	290
321	196	515
441	272	539
42	217	1066
582	196	1067
104	277	617
751	256	240
759	196	131
741	196	70
91	189	1022
3	181	1068
88	181	856
490	198	43
1069	246	36
49	209	390
49	209	1040
178	187	436
414	255	621
36	195	264
89	302	1070
49	199	133
49	199	485
36	195	770
1071	281	191
134	219	232
1072	202	60
1073	302	711
49	238	1013
1074	217	340
167	225	1075
990	221	148
49	199	1076
70	206	423
635	189	724
796	234	246
374	288	744
858	196	189
1078	326	1077
367	252	256
39	196	389
3	181	65
22	187	112
1079	246	36
1080	202	219
610	186	42
134	219	1081
3	181	1082
17	188	114
36	195	966
6	187	436
1084	282	1083
415	310	1085
162	217	690
317	226	11
1086	186	173
5	182	608
3	181	232
5	182	844
747	186	176
17	188	1087
36	195	901
1085	184	8
3	181	600
1088	221	90
201	270	69
36	195	93
847	239	565
176	217	472
383	234	233
765	189	132
3	181	266
706	194	3
737	181	1089
171	186	42
17	188	974
305	313	281
26	294	25
17	188	1090
116	272	539
166	270	69
5	182	261
130	196	135
409	282	580
49	199	717
49	238	1091
364	206	1033
376	194	3
396	187	851
36	195	1092
1093	184	8
903	201	58
36	195	779
36	195	955
12	217	1094
3	181	1086
184	226	1095
383	234	1096
396	187	1097
654	229	968
328	217	967
47	187	421
64	181	877
958	192	475
17	188	1098
893	184	29
1099	181	354
1100	246	36
49	199	440
17	188	1101
312	196	313
572	261	182
1102	292	692
1004	227	38
1103	194	3
3	181	378
868	184	29
5	182	113
444	223	1044
147	234	293
381	196	553
699	184	29
198	189	164
880	312	1104
678	225	441
49	209	533
1093	250	1105
80	190	309
402	181	892
514	192	162
49	199	273
1106	221	90
173	217	307
725	217	1107
395	194	3
3	181	1108
15	187	274
17	188	1063
381	206	553
866	206	718
17	188	946
3	204	159
1067	198	234
911	221	1109
49	212	1110
134	219	333
422	211	1111
572	201	81
1113	234	1112
321	206	515
83	218	391
149	264	1114
932	223	693
49	199	1086
36	195	681
310	327	700
449	234	491
472	303	1115
64	181	1116
415	310	1117
1018	206	1118
351	184	240
15	187	133
235	196	523
22	190	722
338	217	339
1119	297	666
49	199	497
1120	194	3
410	206	83
134	219	860
207	180	100
36	195	170
167	225	769
134	219	456
741	196	498
224	308	1121
899	186	139
606	214	285
790	221	1122
162	217	163
728	196	661
11	286	1123
75	192	418
951	186	142
22	190	667
507	192	418
15	187	155
118	216	1124
936	304	395
151	184	8
148	208	1125
92	283	663
49	199	1126
49	199	294
17	188	1127
3	204	1128
1129	184	240
1040	206	349
17	188	708
17	188	453
64	181	34
36	195	1130
1131	307	775
165	196	941
36	195	995
489	229	1132
265	196	130
119	247	131
942	234	1133
49	209	965
191	267	540
49	292	18
36	195	1134
1136	196	1135
1137	190	566
971	328	294
47	187	276
1138	295	89
399	194	3
521	192	162
15	187	851
291	235	1139
159	251	43
5	182	1140
591	187	747
135	196	265
833	226	932
155	189	78
704	196	702
1141	281	191
5	182	902
133	189	67
1143	329	1142
540	267	568
17	188	1144
1145	304	747
10	236	1123
1071	272	539
17	188	773
36	195	1060
454	182	503
57	261	1146
93	223	610
148	187	730
1147	308	1098
17	188	661
302	196	389
92	330	1148
440	254	530
1149	217	377
36	195	1150
5	182	653
1151	252	456
355	280	828
780	194	92
894	323	802
49	209	1152
1153	184	8
92	331	1154
942	308	1030
367	252	485
167	225	453
506	271	113
352	180	432
362	189	361
162	217	680
713	242	8
318	182	242
36	195	1095
17	188	898
88	181	25
684	300	683
39	192	287
49	209	1155
515	196	312
5	182	967
610	271	471
80	187	1156
3	181	599
298	187	91
167	225	762
92	283	1157
1158	309	421
546	275	86
625	234	1159
136	217	578
799	196	676
86	201	541
237	196	303
49	199	610
17	188	1160
772	192	710
1161	215	109
454	182	1027
1162	234	660
138	186	173
961	182	620
158	182	346
90	246	36
1163	196	303
1165	211	1164
992	189	1166
768	229	34
1167	221	310
49	199	600
480	264	591
3	181	1103
1139	225	290
49	209	518
1169	287	1168
149	234	1170
47	187	14
167	225	522
703	294	292
5	182	26
5	182	1171
81	201	461
222	198	943
12	217	729
17	188	1171
408	194	92
65	189	1066
369	201	474
797	196	1172
25	248	1170
897	184	8
49	245	1173
774	202	883
36	195	1033
13	226	327
702	196	221
1117	184	8
17	188	972
162	217	626
17	188	1174
148	283	184
927	181	968
136	217	615
49	238	265
1001	217	1159
17	188	1175
347	214	357
496	263	1176
173	217	817
1178	221	1177
17	188	467
576	189	1179
554	198	43
5	182	1180
131	332	119
867	197	338
243	285	791
445	196	802
36	195	802
367	252	798
36	195	616
17	188	1047
310	283	730
757	246	36
1181	214	910
1182	181	992
685	187	763
868	278	117
1184	296	1183
675	206	676
17	188	970
17	188	1083
1185	308	644
97	280	168
348	308	288
49	199	804
244	229	370
226	186	139
634	229	635
17	188	1
64	181	294
49	199	1186
208	308	1032
134	219	1187
284	244	1188
895	292	642
142	217	239
383	234	713
332	226	1189
341	248	1037
36	195	1190
484	206	316
165	196	252
1191	226	583
492	189	368
1192	246	36
36	195	740
36	195	1193
1194	192	451
173	217	1170
180	242	8
571	221	92
1195	226	490
49	238	620
383	234	1196
49	199	968
36	195	1197
141	196	269
17	188	1198
493	196	759
751	292	746
17	188	606
57	201	461
134	219	1195
17	188	172
479	200	55
1122	289	1019
27	217	1083
80	187	524
49	199	1199
369	267	550
92	330	1200
90	301	694
1031	196	68
92	208	1092
415	259	1201
599	186	173
49	212	488
1178	246	36
1202	286	297
17	188	141
1203	196	131
92	190	225
92	187	624
49	199	1043
1040	206	313
160	196	364
1005	214	1204
90	210	896
17	188	781
3	181	712
23	197	162
22	187	395
1205	261	931
303	196	237
251	196	131
36	195	902
1033	223	159
15	187	387
173	217	489
167	225	1206
167	225	972
49	199	1207
3	181	686
17	188	1208
853	317	751
49	212	1209
1003	198	331
310	264	148
771	196	772
365	192	176
136	217	1035
667	311	392
3	181	730
35	180	271
758	218	894
36	195	1210
1211	256	240
17	188	1212
396	187	538
678	225	787
49	199	511
241	250	818
1	192	139
415	259	1213
17	188	324
419	192	805
49	199	258
17	188	1214
119	323	793
357	278	657
17	188	1215
131	196	759
148	208	1095
640	182	487
49	199	831
494	196	131
872	311	117
1033	196	998
505	189	622
284	244	1216
1217	189	634
659	196	246
17	188	769
1020	226	634
340	192	1074
134	219	511
178	187	747
36	195	1133
380	206	381
1151	252	1217
694	229	1218
17	188	1219
92	283	2
483	184	29
1062	184	29
805	217	419
310	190	722
36	195	321
5	182	676
287	217	39
879	288	424
161	241	92
1157	240	705
831	226	998
1221	214	1220
6	187	1217
71	206	251
1222	215	871
49	199	595
685	190	309
148	187	276
5	182	1223
486	333	91
725	217	290
56	287	1224
927	181	421
966	192	710
17	188	231
245	271	489
6	187	421
71	206	423
22	208	339
814	192	301
568	201	81
406	181	407
1071	211	236
36	195	342
36	195	1225
36	195	1155
49	199	1097
80	187	538
138	226	377
3	181	0
415	259	1226
410	180	1195
57	261	450
431	293	651
80	187	951
411	217	614
1016	222	383
33	181	835
49	199	333
279	223	171
763	194	88
415	259	392
385	248	377
167	225	1092
36	195	1227
22	187	519
96	196	45
36	195	1228
49	199	1229
148	208	912
180	196	932
1230	184	8
1155	192	136
17	188	1221
277	226	70
278	206	72
552	264	848
310	220	662
24	191	1231
49	209	716
17	188	479
1232	295	597
1233	217	1118
910	221	148
406	181	421
1234	239	657
36	195	1013
167	225	68
49	199	870
603	186	176
284	244	1235
42	217	352
92	320	1148
3	181	1017
287	217	210
5	182	1143
15	233	950
17	188	507
1105	239	109
1236	194	3
693	226	932
180	196	164
662	221	310
134	219	1237
1064	334	1176
1205	267	191
1103	306	342
991	192	176
17	188	1121
866	253	461
47	187	538
36	195	307
925	196	827
148	208	1005
3	204	171
710	227	712
17	188	187
17	188	78
92	246	36
22	187	581
49	199	833
1238	184	8
699	184	240
90	301	215
405	226	141
49	209	252
899	186	176
895	256	8
49	199	401
369	201	461
863	189	221
148	320	255
15	331	1154
691	196	604
396	187	1217
743	227	376
1239	246	36
1240	206	482
1074	217	188
1241	268	49
1205	201	57
17	188	963
298	187	1242
1243	186	1036
22	190	566
1244	256	8
1033	180	159
17	188	939
1098	192	743
58	261	614
1245	221	148
17	188	503
22	187	378
163	196	680
17	188	1246
134	219	1247
36	195	453
1122	289	790
3	181	706
5	182	1196
36	195	1040
640	182	795
1093	184	240
17	188	1042
22	190	174
584	196	585
244	206	377
92	220	430
1112	321	994
1249	211	1248
959	196	1092
49	199	612
36	195	739
36	195	1250
3	181	882
179	228	1251
3	181	140
36	195	1096
817	206	345
137	303	1218
848	264	552
148	187	1252
364	180	159
377	192	743
134	219	1253
17	188	137
1040	196	312
88	181	175
532	214	642
92	283	600
1232	295	1254
66	186	121
214	184	8
167	225	1096
1102	292	177
1104	210	1255
17	188	1256
310	291	662
148	208	1030
15	187	276
610	226	1033
25	226	1170
134	219	835
17	188	1225
440	248	596
817	192	173
867	197	451
36	195	1257
241	221	383
134	219	1132
298	187	524
1258	192	121
17	188	379
81	201	572
49	209	28
148	291	990
284	244	1259
1260	256	29
43	197	805
357	184	29
142	227	730
148	291	1245
134	219	863
17	188	1261
275	196	705
319	274	202
814	242	8
3	181	435
167	225	704
288	236	706
1263	183	1262
58	201	568
57	261	978
290	214	642
3	181	738
191	230	1190
47	187	581
278	206	299
895	292	483
331	197	1001
882	189	515
36	195	441
351	184	29
5	182	1018
5	182	1264
981	196	779
895	292	1265
1028	192	475
361	180	362
64	204	212
943	197	1036
402	181	1115
227	196	165
1267	335	1266
12	217	549
525	262	499
1195	248	490
149	257	1268
49	245	1269
17	188	672
298	187	1157
287	217	390
1270	184	8
536	197	162
710	227	385
80	187	1157
1137	233	49
827	196	45
134	219	798
5	182	239
36	195	919
459	286	460
167	225	734
22	265	343
80	187	1252
453	300	683
572	201	474
36	195	771
176	217	1271
57	201	572
165	196	741
474	201	572
17	188	163
616	196	377
668	336	161
98	272	1272
1273	196	389
5	182	786
90	210	1274
17	188	188
3	181	856
511	194	3
431	272	1275
71	196	70
206	196	242
49	199	712
848	190	566
36	195	1276
134	219	317
212	226	549
49	238	286
49	199	1277
36	195	1214
191	267	81
49	199	266
17	188	1278
36	195	611
892	194	64
515	206	321
17	188	694
1279	263	495
345	192	173
36	195	526
36	195	340
17	188	1280
49	245	468
22	187	600
1281	197	162
164	196	165
1282	184	8
3	181	171
305	313	697
49	199	603
1283	184	8
3	181	138
17	188	687
85	196	433
284	244	630
22	187	1284
49	209	489
161	337	566
49	209	19
81	261	1175
933	203	62
640	182	368
246	196	659
49	199	524
167	225	923
229	247	314
872	311	1124
894	218	758
1286	221	1285
648	217	410
47	187	1284
88	181	511
417	258	48
3	181	458
114	180	506
233	282	545
600	186	12
179	228	1287
121	217	1063
1288	255	373
5	182	1022
746	184	240
36	195	368
1289	302	908
49	238	716
877	189	410
493	196	166
348	234	821
17	188	438
287	217	410
1003	286	333
6	187	408
17	188	1290
340	297	666
772	192	139
367	252	458
17	188	417
134	219	1108
36	195	349
1067	206	582
84	194	3
844	214	334
224	235	1291
1292	246	36
1016	222	90
257	229	258
62	260	63
444	329	736
167	225	423
1293	194	3
649	192	411
92	187	951
851	189	901
92	187	276
421	248	288
312	206	349
49	199	635
49	199	87
630	221	631
900	189	71
32	288	31
148	208	1294
629	189	724
49	199	1014
138	226	307
1295	204	271
1296	221	1285
668	338	161
358	196	308
1028	196	817
5	182	476
865	221	90
250	271	1297
15	187	408
498	196	741
17	188	1298
134	219	882
406	181	712
148	187	91
1299	288	1174
36	195	965
497	194	3
5	182	1005
368	272	1300
428	223	271
17	188	1005
49	209	39
49	199	256
875	193	874
36	195	604
930	200	929
121	217	970
49	199	1301
6	187	297
1040	206	312
665	205	1302
546	267	369
17	188	1303
5	182	183
90	234	83
383	234	305
303	214	107
1033	180	100
1222	215	117
506	226	114
683	316	1304
749	262	500
22	187	133
178	190	722
134	219	609
119	196	327
1071	297	666
134	219	804
36	195	1305
1306	246	36
90	257	794
351	278	63
49	199	698
1307	219	629
794	307	382
173	217	242
80	187	14
17	188	1308
132	196	932
49	199	260
17	188	371
134	219	127
552	269	310
785	300	683
1309	200	1168
114	180	250
36	195	1028
36	195	388
167	225	676
1310	242	8
634	180	635
49	199	1082
474	267	369
134	219	226
148	233	49
17	188	1311
62	260	933
134	219	492
1313	217	1312
384	300	1314
358	196	307
972	262	437
90	210	275
49	209	939
17	188	1258
1315	180	1108
0	226	1
49	199	1068
224	246	36
490	236	719
3	181	48
166	196	132
633	221	90
231	196	230
90	210	1316
302	192	1074
998	196	1033
407	248	840
1042	223	1317
1318	206	537
36	195	742
0	189	844
1319	287	55
39	339	1160
17	188	1320
503	282	579
17	188	1035
3	181	892
1322	295	1321
36	195	77
234	197	12
90	210	659
802	196	410
17	188	1140
493	196	131
159	251	1323
1324	194	3
1325	198	513
1326	185	939
917	221	6
17	188	253
1327	182	124
1004	227	266
36	195	518
436	186	322
17	188	364
827	196	96
298	331	1154
49	199	268
80	187	605
1328	295	473
1002	221	92
615	198	1329
46	189	966
36	195	145
92	190	21
306	182	697
102	196	675
36	195	1297
36	195	169
3	181	586
121	217	364
1330	221	90
49	315	1331
390	218	391
134	219	122
432	186	805
69	257	794
774	202	219
749	274	525
5	182	229
81	267	572
322	227	73
17	188	696
549	262	855
49	199	1252
6	187	951
5	182	832
103	196	40
320	206	278
147	246	36
64	181	354
121	217	1258
250	186	820
1332	193	424
318	182	518
47	187	1217
245	251	943
17	188	779
17	188	584
398	262	437
1118	196	1018
17	188	1135
36	195	623
617	221	618
296	298	674
134	219	605
275	196	802
461	275	58
36	195	967
134	219	277
90	290	865
1211	256	8
797	206	1118
1023	194	3
131	206	1203
841	309	612
17	188	1015
49	209	1066
5	182	1015
245	271	246
487	272	1333
92	208	447
1334	184	240
573	206	1015
318	182	1335
17	188	522
49	212	405
938	189	628
886	184	29
148	208	1336
36	195	946
640	182	439
640	182	649
49	245	1153
49	199	1253
1337	272	539
167	225	39
1077	279	1078
1096	214	241
320	206	321
36	195	1338
369	201	57
17	188	1339
17	188	904
899	189	70
92	208	740
49	209	1193
49	199	395
224	234	1121
224	308	487
1121	262	499
17	188	347
705	196	275
17	188	404
1071	211	1340
80	187	846
178	331	1154
413	189	966
5	182	35
36	195	129
92	187	274
639	219	602
42	217	1033
842	184	8
368	180	864
443	263	495
639	219	378
693	226	189
377	180	385
92	291	1341
313	196	1040
405	340	795
17	188	156
396	187	969
1061	339	809
160	196	363
17	188	803
146	248	832
232	194	3
72	196	278
805	217	932
1337	272	1065
92	187	421
165	206	180
5	182	785
57	201	550
595	248	596
312	206	313
432	226	352
1081	189	1342
1068	186	139
68	274	1343
61	202	645
47	187	395
1344	184	29
17	188	1203
1157	194	3
80	187	387
49	245	1345
538	189	265
133	240	275
36	195	1174
167	225	826
112	189	70
36	195	300
358	206	308
17	188	1346
167	225	71
11	341	10
17	188	288
17	188	26
90	210	1062
599	186	139
102	196	799
248	233	49
49	209	251
5	182	545
524	226	628
1347	221	383
17	188	1348
17	188	1349
17	188	1125
36	195	74
160	180	159
3	181	1324
5	182	811
3	181	1350
506	226	113
1351	221	92
429	189	1335
17	188	1133
49	318	1137
80	187	76
49	209	1302
540	267	191
1352	189	342
49	199	1353
385	186	139
805	217	507
369	261	545
742	192	162
83	274	1160
3	204	1191
171	194	3
191	267	1205
92	187	663
345	206	817
284	244	1354
179	228	551
449	210	177
615	192	418
148	291	1355
92	327	437
792	285	243
1115	194	3
17	188	616
578	192	301
92	283	780
131	270	1262
297	226	1202
1261	272	539
212	342	324
369	201	928
3	204	488
1356	234	816
49	199	798
421	189	1335
1016	222	153
566	338	161
49	199	951
553	196	381
17	188	814
17	188	1118
36	195	1159
3	181	767
312	206	320
57	201	82
454	182	1335
725	217	958
685	190	566
413	189	364
995	214	1357
92	187	408
270	214	593
899	194	3
433	196	85
196	194	3
391	206	340
36	195	781
1359	343	1358
17	188	1266
636	274	202
94	196	1360
497	194	406
363	196	160
57	201	928
47	190	218
1049	189	132
80	187	1217
36	195	1160
301	217	1063
810	184	8
233	300	1361
49	199	280
36	195	713
703	282	124
493	196	423
1362	273	178
3	204	212
1364	343	1363
3	204	1243
105	277	617
49	199	747
167	225	1179
71	196	251
932	192	136
643	256	8
393	239	1365
842	184	29
6	190	566
1063	214	107
1049	226	132
1033	206	364
139	217	1035
3	181	980
36	195	1125
36	195	1039
104	213	105
184	226	787
134	219	602
367	252	899
17	188	305
148	190	225
834	246	36
161	224	80
1187	194	3
927	204	66
3	181	1301
24	191	1366
649	206	390
959	206	1092
36	195	202
17	188	132
1367	300	683
167	225	398
1368	295	1073
959	242	29
17	188	787
49	199	624
1016	225	773
179	228	1369
589	194	3
1370	341	996
589	186	173
5	182	308
6	187	600
135	196	423
36	195	288
830	202	645
675	196	1063
370	186	139
369	267	546
173	217	919
17	188	949
80	187	1097
167	225	1057
1371	302	1070
741	196	252
230	196	231
574	281	191
1372	184	29
17	188	1373
941	196	165
738	194	3
684	214	330
134	219	714
17	188	246
445	281	191
436	226	235
989	308	680
49	199	576
17	188	697
1364	235	223
866	253	369
639	182	508
377	218	1374
5	182	1198
334	184	29
64	181	407
47	187	1242
737	181	1353
5	182	1373
583	223	1191
725	217	1375
1376	235	699
148	220	1355
36	195	278
550	261	187
49	318	6
880	312	662
166	196	493
1150	258	1218
178	190	566
17	188	31
3	181	46
153	234	1098
431	211	1377
1075	274	793
415	310	1378
135	196	131
800	189	1379
367	252	20
713	218	502
747	186	181
17	188	981
36	195	1241
17	188	428
5	182	1380
396	187	836
17	188	1305
88	204	271
3	181	1353
787	192	176
1222	215	109
49	238	904
167	225	1198
1381	184	8
284	244	1376
189	196	858
399	240	705
3	181	1014
36	195	703
3	181	835
36	195	1290
369	261	978
676	196	799
1063	196	675
616	206	377
149	257	775
131	247	119
49	199	1382
17	188	307
173	227	599
17	188	71
155	186	843
49	199	112
996	223	1044
864	194	3
36	195	1383
22	187	538
6	187	969
639	182	1320
505	186	139
191	267	369
17	188	1384
779	229	1382
1356	308	816
92	190	566
678	225	447
284	244	1385
134	219	629
17	188	1386
173	227	266
134	219	336
166	196	941
1325	229	1387
176	217	44
1326	286	1017
47	187	1157
136	217	59
448	288	447
17	188	996
1386	196	758
49	199	962
92	187	524
1196	282	1388
1072	202	883
423	206	251
602	226	731
49	292	351
895	292	593
36	195	878
92	187	73
341	194	3
311	221	90
10	206	11
348	308	1298
86	201	81
49	292	1220
92	291	1148
5	182	1389
761	272	539
17	188	821
545	253	369
49	199	1350
49	199	1237
242	229	1108
15	187	395
581	194	406
5	182	1390
160	206	364
364	196	160
596	180	440
12	217	160
605	189	758
691	206	102
15	187	76
765	189	166
15	187	531
3	181	416
1391	286	531
818	239	1365
1037	229	1237
5	182	623
42	217	1392
3	181	1253
121	217	1101
134	219	1126
3	181	1115
1148	221	92
1181	214	1204
5	182	379
148	208	679
38	189	59
5	182	510
176	217	742
61	202	219
1360	196	94
5	182	222
6	187	1097
149	257	1131
92	187	1156
402	181	196
836	189	1179
667	311	1393
49	199	763
17	188	947
17	188	10
103	196	41
80	187	969
461	275	81
656	295	465
3	181	395
36	195	216
1094	223	717
397	192	176
17	188	995
171	186	805
596	229	595
1394	204	271
895	292	334
341	189	1395
925	196	96
153	210	1073
719	226	278
24	191	205
17	188	1312
148	264	881
173	217	417
15	187	1157
36	195	661
136	217	607
49	209	1094
317	226	10
58	267	903
823	194	88
17	188	660
70	206	71
598	186	139
626	303	370
1396	184	240
92	283	686
583	242	8
688	221	1109
389	196	340
1037	229	122
92	284	1169
1277	189	221
718	196	866
49	199	1218
423	196	494
880	312	348
15	187	600
378	189	1101
17	188	1223
17	188	1397
49	199	714
151	184	29
12	217	1343
41	206	40
363	196	364
17	188	578
1398	192	301
139	217	966
1399	306	55
993	281	546
49	199	1187
688	246	36
49	199	1293
474	201	369
626	198	203
17	188	207
242	196	37
367	252	1400
327	180	13
92	283	792
167	222	178
1401	299	1083
739	206	740
594	196	222
80	190	722
3	181	863
270	196	187
36	195	758
22	187	1029
49	212	159
640	182	182
435	186	139
17	188	293
1255	184	8
5	182	919
49	199	987
49	238	1179
1016	222	148
363	180	159
1046	308	230
411	217	340
49	199	792
1104	221	1169
49	315	1402
682	299	606
49	212	1403
1155	196	1276
1404	198	254
148	234	466
49	199	1352
49	199	0
49	199	408
17	188	976
433	206	85
257	282	713
1048	324	317
17	188	521
5	182	734
167	225	814
49	209	826
49	199	1405
148	187	951
135	196	494
833	189	180
121	217	229
452	186	142
312	196	320
930	284	298
1406	189	444
1253	189	654
3	181	747
1407	221	69
92	187	846
6	187	1284
36	195	1408
5	182	634
80	187	663
739	196	740
549	180	212
36	195	1388
598	248	517
550	201	546
650	190	21
341	226	1409
1265	184	29
131	196	423
960	194	3
294	226	131
494	196	423
49	199	767
581	240	1410
1232	295	1411
17	188	936
1072	202	645
49	245	1412
22	187	276
514	229	175
17	188	726
1400	189	1413
49	199	1400
49	199	823
226	189	494
367	252	1414
36	195	229
36	195	912
779	196	981
17	188	634
241	184	8
173	217	361
307	196	1022
36	195	849
650	264	248
17	188	1404
738	186	173
307	196	377
17	188	79
6	187	940
600	251	254
454	182	1194
303	206	1163
83	274	391
49	209	753
167	225	713
92	187	133
49	199	629
252	206	164
1415	246	36
312	196	349
90	290	911
737	181	1142
82	201	58
17	188	734
17	188	447
402	181	531
979	206	596
81	201	57
17	188	320
640	182	1127
33	181	1014
134	219	980
134	219	587
3	181	1157
36	195	1215
992	240	705
1132	248	489
6	187	605
367	252	730
17	188	1337
17	188	789
148	320	449
848	190	21
310	320	1167
1139	225	755
1417	192	1416
559	223	575
148	208	787
36	195	1312
372	189	526
17	188	676
284	244	1418
922	196	327
224	187	274
36	195	98
5	182	466
36	195	1419
5	182	797
320	196	515
5	182	858
15	187	663
17	188	731
24	191	1420
918	189	634
1422	264	1421
148	208	1423
81	275	58
17	188	709
739	253	369
17	188	515
158	182	501
17	188	37
49	209	573
3	181	538
809	339	1061
619	221	148
340	192	411
380	196	381
90	210	1202
39	192	446
821	198	43
383	257	775
1425	264	1424
36	195	1426
1060	180	784
1427	234	724
49	245	1428
88	181	2
210	272	1333
49	199	407
383	234	1264
1192	221	90
454	182	347
134	219	46
327	192	12
1015	206	573
167	225	202
453	281	191
134	219	940
530	344	1320
269	196	141
676	196	1063
188	192	451
1048	324	76
971	246	36
1060	303	276
310	190	174
793	274	1075
17	188	1053
36	195	1429
1161	215	117
319	218	202
134	219	196
49	199	598
24	191	1281
391	218	83
80	187	730
5	182	704
49	212	1430
648	217	39
1059	211	1164
643	256	29
73	186	1004
165	196	498
307	196	358
49	245	426
64	181	505
160	198	234
134	219	91
718	303	738
215	180	1229
148	320	638
49	199	304
92	187	851
1084	282	398
879	193	878
1020	189	634
58	345	660
394	226	10
425	193	1431
1149	227	232
15	187	1097
310	320	662
664	189	486
1083	282	797
342	196	1432
94	196	389
389	206	39
22	187	76
49	199	791
49	199	413
460	194	3
149	257	776
775	307	776
17	188	1107
17	188	768
787	192	181
1433	246	36
1435	182	1434
320	196	278
139	217	242
36	195	239
352	196	741
17	188	1436
17	188	1417
357	184	240
341	189	614
85	206	433
25	226	26
1437	234	680
797	196	1118
725	217	963
752	333	960
17	188	1024
49	199	84
49	199	992
155	189	441
738	226	718
751	317	49
1114	264	149
375	227	376
80	187	581
284	244	1438
17	188	75
17	188	596
1439	346	597
118	216	657
118	216	1045
206	196	410
1386	242	8
17	188	296
5	182	1298
40	196	41
49	209	1342
524	189	620
17	188	677
92	287	1021
1391	286	792
822	186	176
17	188	261
1400	226	998
130	196	494
36	195	466
340	196	1273
292	189	826
235	206	379
139	217	344
6	187	747
515	206	320
425	288	673
39	232	816
121	217	1033
1204	221	148
92	283	535
558	347	232
1016	225	335
1277	186	139
606	242	240
70	180	899
368	270	69
149	257	1440
45	196	925
42	227	432
396	187	133
64	181	882
3	181	370
22	187	14
333	186	176
930	284	178
105	277	757
658	250	1234
1049	194	88
960	186	173
134	219	304
36	195	1010
1441	341	477
49	245	89
49	199	343
540	201	541
3	181	362
429	189	303
678	225	1010
747	248	779
978	253	369
138	248	377
759	196	494
17	188	1145
80	187	274
178	187	91
92	187	600
1102	256	29
1074	217	270
751	256	29
928	267	191
717	194	3
147	308	293
68	198	1420
784	248	1037
565	203	62
588	197	12
1071	297	1340
3	181	408
17	188	919
1260	256	240
49	209	327
173	217	1325
17	188	751
49	292	564
17	188	840
166	274	734
6	187	851
80	187	155
49	199	1123
3	181	1442
774	202	859
17	188	4
383	257	1268
36	195	1144
3	181	833
17	188	523
872	311	109
301	217	253
3	181	519
17	188	1150
70	196	423
80	283	436
715	192	1416
131	196	265
1443	184	29
1029	240	275
1444	185	972
757	221	148
49	199	372
858	206	189
396	187	276
5	182	486
5	182	1276
649	196	340
1446	221	1445
36	195	1447
10	348	394
1420	197	162
158	182	869
92	187	730
148	208	1256
1169	200	1168
17	188	948
49	199	581
203	197	162
1306	221	213
17	188	793
36	195	756
557	196	1013
780	186	322
36	195	578
659	286	1247
401	189	335
1255	221	1104
3	181	399
17	188	654
3	181	243
338	217	388
49	199	719
176	217	1448
675	196	676
58	201	82
490	180	1195
294	189	235
162	217	787
369	261	216
173	217	687
310	208	1009
17	188	1449
496	263	442
167	225	434
274	194	406
362	226	361
661	262	500
36	195	1374
17	188	797
92	330	464
3	181	1399
92	284	15
15	284	56
1126	189	380
2	194	3
1435	182	844
1068	189	313
49	209	1198
1390	196	1429
17	188	185
5	182	824
36	195	472
266	194	3
3	181	333
617	235	1411
56	284	15
49	199	2
370	226	626
226	189	252
895	292	1344
148	187	851
36	195	1118
417	180	48
1450	221	199
228	184	8
49	212	171
10	348	317
15	187	1242
498	206	165
115	280	1451
1453	214	1452
693	194	3
298	187	1454
244	192	173
136	217	771
142	227	505
868	250	1234
976	206	364
1455	234	404
191	230	453
265	262	988
407	194	3
333	189	131
2	186	173
54	199	46
367	252	609
781	211	1164
180	206	164
17	188	1456
609	194	3
49	199	535
36	195	1196
102	196	676
435	186	173
15	283	686
64	204	1044
695	301	215
605	226	758
47	187	1442
167	225	16
1457	221	383
927	181	1068
494	196	265
36	195	1035
36	195	786
17	188	278
541	201	86
36	195	674
1049	186	1004
290	214	351
1400	189	998
412	335	1266
556	189	1374
266	186	12
49	212	66
1265	184	8
36	195	874
49	199	1132
142	227	452
49	209	802
167	225	128
17	188	249
132	196	941
1109	221	90
327	196	922
92	208	1084
17	188	206
92	283	73
1161	215	871
799	196	1063
148	208	644
49	209	380
17	188	40
36	195	308
318	182	206
177	184	29
758	196	1386
1244	292	1458
613	181	1029
310	208	1346
1232	295	1459
162	217	1460
257	229	1186
17	188	724
17	188	839
68	262	500
1160	274	83
36	195	1258
423	196	71
459	286	1218
49	212	1128
173	217	377
45	196	827
92	187	84
17	188	1018
49	199	780
853	256	29
507	192	136
36	195	701
15	187	1454
1461	202	645
1236	186	12
892	194	3
1218	186	173
486	236	664
49	199	1414
705	341	1462
57	201	903
1454	189	16
58	201	369
90	234	1012
307	214	1463
17	188	684
57	201	369
402	181	1142
379	206	235
475	217	1107
57	261	438
234	197	418
176	217	397
5	182	1225
49	209	1423
513	197	162
1464	300	683
36	195	580
552	190	566
178	187	155
320	206	312
685	187	394
1063	196	799
302	253	572
5	182	410
134	219	1103
191	230	1465
1466	246	36
36	195	1432
454	182	368
80	283	581
158	182	347
461	201	57
42	227	212
243	226	244
17	188	979
298	187	663
436	194	3
58	201	81
881	264	148
48	306	55
1441	185	477
617	246	36
332	226	1170
1467	198	588
17	188	235
482	206	1240
24	322	162
22	208	1468
123	251	857
383	210	1469
1360	196	340
224	308	1042
15	187	186
167	225	1107
143	194	310
584	206	585
36	195	1449
49	199	143
134	219	1236
224	349	930
1427	308	724
148	208	1305
688	221	90
484	196	316
1338	321	994
17	188	1470
543	210	897
942	246	36
593	184	29
1258	206	1342
1101	192	121
80	187	600
36	195	826
256	240	275
274	194	3
36	195	1179
92	208	1448
5	182	441
173	217	967
692	184	8
6	350	597
123	186	139
5	182	755
1037	229	341
1016	225	1015
687	229	1242
36	195	183
1341	221	92
17	188	1464
224	351	1471
80	187	1442
5	182	1098
188	196	163
17	188	489
49	199	531
667	311	1365
49	199	505
1232	295	223
36	195	1256
25	194	88
90	210	1326
1160	332	39
3	181	407
741	206	498
90	264	153
292	189	932
131	180	294
612	194	406
340	196	302
36	195	1146
1251	190	174
927	204	245
463	189	1066
1172	196	797
17	188	788
49	209	1194
5	182	324
36	195	1005
10	180	394
615	300	1472
817	196	345
22	187	1097
747	226	779
1473	184	8
782	203	783
312	206	515
1463	184	240
166	196	165
313	206	1040
1292	221	69
36	195	1325
36	195	1027
49	238	229
659	286	122
695	301	1280
49	199	973
415	259	1474
1172	206	1118
484	268	49
960	186	1149
224	235	1475
92	283	408
895	292	18
798	189	728
865	264	1192
1231	197	162
17	188	471
134	219	463
92	269	552
104	277	6
415	310	647
245	342	246
17	188	1476
383	257	776
17	188	878
265	196	423
36	195	1348
441	211	236
18	184	240
5	182	604
173	227	1352
36	195	1477
415	310	1344
640	352	1244
308	198	43
104	277	224
81	275	461
59	192	136
17	188	837
95	182	340
148	208	1478
92	283	76
148	187	408
625	234	269
802	196	302
1479	182	1096
423	206	71
687	198	1281
70	196	741
1023	189	326
559	218	502
312	196	321
17	188	1084
930	200	55
502	262	855
485	189	238
175	189	253
153	257	794
562	288	837
767	226	67
17	188	77
17	188	1480
49	199	1481
1145	304	980
36	195	1482
330	184	29
1481	186	12
250	226	114
169	211	97
751	317	853
705	286	511
678	225	636
49	245	275
801	221	90
17	188	431
65	186	173
980	189	771
833	189	932
36	195	1170
779	229	800
5	182	1483
639	219	1277
90	234	1417
49	209	756
36	195	4
1072	202	219
130	218	563
15	187	624
91	189	165
17	188	51
311	264	865
36	195	724
246	198	943
1337	242	8
1359	246	36
1113	221	1484
49	238	145
5	182	1339
1429	196	1390
451	217	807
446	217	39
709	196	427
445	211	236
17	188	1465
950	209	28
49	209	1150
304	189	265
992	240	275
134	219	52
17	188	1485
554	196	555
17	188	874
49	245	906
946	211	1486
429	186	142
1387	189	45
748	184	29
490	229	1195
690	253	369
275	286	343
278	196	72
148	208	1193
367	252	421
1014	194	33
1150	192	1001
556	194	3
687	192	173
1488	280	1487
36	195	850
80	187	421
178	190	174
705	346	275
1293	189	1
277	194	3
17	188	1091
1489	221	383
520	288	914
134	219	706
6	187	1442
243	194	3
17	188	967
17	188	237
39	332	1160
3	204	100
5	182	132
105	277	6
17	188	742
134	219	664
208	234	1032
1218	226	1490
856	189	195
134	219	84
36	195	438
73	194	92
1068	194	3
950	315	855
36	195	235
488	271	489
134	219	1454
1102	256	8
139	217	75
250	342	113
1491	281	369
389	196	39
421	194	406
511	240	705
1492	184	8
330	221	1493
158	182	1257
454	182	955
640	182	1494
5	182	10
675	196	799
36	195	1180
572	267	550
764	184	29
92	291	571
57	261	163
672	262	855
758	274	201
402	181	1236
165	198	234
451	217	1495
880	312	224
90	234	1434
1496	221	92
329	239	565
160	206	1033
148	208	1497
489	229	1442
1207	186	142
22	187	612
1498	279	1359
1436	262	1499
394	248	10
1155	196	661
469	266	473
1134	300	1472
17	188	713
49	199	140
17	188	269
80	283	1500
49	199	1023
139	227	738
49	209	1032
49	199	25
1501	280	115
3	181	376
492	194	3
134	219	900
113	206	114
1502	246	36
549	223	212
1503	255	621
241	278	392
92	283	403
178	187	14
1218	344	1490
49	318	148
162	217	1426
343	189	996
1173	288	1397
291	234	1258
310	187	276
1169	284	92
134	219	146
454	182	431
3	181	1207
699	221	1376
49	199	1217
649	218	390
728	196	77
844	206	257
36	195	257
65	248	840
139	217	785
250	342	675
134	219	1207
957	217	1054
49	209	466
730	194	310
252	196	164
593	184	8
92	187	605
1016	225	410
186	240	275
423	196	131
92	330	1341
927	181	1082
1262	246	36
318	182	391
17	188	466
1504	234	1465
519	189	1303
121	227	159
15	187	519
201	232	202
348	308	821
119	323	242
36	195	313
105	277	1262
92	187	940
49	212	693
407	189	1240
868	221	90
147	221	148
49	199	127
187	206	270
138	186	1149
3	204	1505
17	188	1423
251	206	70
1131	307	776
652	353	453
924	246	36
530	240	459
1479	182	1112
39	274	1160
754	182	128
17	188	1506
17	188	1507
232	194	402
128	218	316
316	218	128
1220	184	29
3	181	524
895	292	658
1143	329	727
3	181	899
36	195	1508
607	206	45
64	181	892
797	206	1172
36	195	207
1048	324	920
17	188	169
454	182	1465
62	260	565
1480	196	239
49	256	8
347	272	1065
17	188	1509
1359	221	1498
17	188	424
36	195	462
598	226	517
17	188	1477
156	236	1277
298	246	36
220	202	645
572	267	81
678	225	1047
271	251	315
5	182	1009
1510	246	36
134	219	341
69	205	190
17	188	1310
134	219	429
1329	197	1001
870	189	1121
793	323	119
364	206	160
869	300	683
22	187	297
313	196	312
636	270	69
100	226	771
36	195	68
134	219	732
88	181	530
15	187	1442
6	187	91
5	182	103
251	223	1511
454	182	1273
1165	281	191
895	292	1372
17	188	377
15	187	612
1085	184	29
36	195	704
186	189	19
617	234	397
248	264	650
287	217	802
342	300	683
153	290	1147
17	188	164
1267	335	773
17	188	1512
167	225	1063
931	282	1513
90	290	1019
553	198	588
381	198	588
17	188	615
36	195	620
90	210	262
751	292	748
17	188	1146
843	217	344
24	191	1514
131	196	493
941	196	132
751	292	1443
134	219	784
17	188	308
5	182	1383
49	199	609
139	217	67
427	196	709
1301	194	88
49	199	777
47	187	91
36	195	242
235	236	378
173	217	1005
121	217	1467
1279	263	442
1308	354	598
36	195	949
167	225	1166
36	195	1409
329	239	63
36	195	923
165	206	252
17	188	422
36	195	1336
3	181	1187
342	206	1432
245	271	1037
1099	181	127
402	181	232
591	264	480
131	196	1203
250	342	1297
265	196	759
88	181	1218
697	282	281
110	215	657
298	187	421
17	188	1112
130	196	131
716	223	717
15	190	174
6	187	133
678	225	1133
1293	189	785
543	210	544
36	195	1208
57	201	81
1185	308	679
551	264	552
64	181	260
176	217	182
17	188	281
188	206	163
192	189	193
1515	184	8
381	274	380
310	220	1516
17	188	545
1363	211	1517
494	196	759
22	187	951
1518	184	240
685	187	987
596	300	683
178	187	1454
36	195	592
49	199	822
1374	218	377
22	187	1217
5	182	211
695	301	578
1399	189	1398
615	192	139
73	186	322
17	188	1519
307	196	308
1229	226	215
17	188	290
1424	264	1425
266	186	176
820	217	222
136	217	1155
36	195	913
1520	184	8
1488	280	1451
90	237	282
732	194	88
92	187	836
895	292	241
12	227	732
92	208	611
880	312	6
647	184	8
80	187	186
485	189	201
11	196	10
252	198	234
75	300	683
1173	193	1397
68	196	1031
1099	181	186
1016	225	361
36	195	244
49	199	1017
401	226	335
1436	200	1521
316	206	484
167	225	467
667	311	1522
474	201	568
759	196	493
320	206	515
148	187	1217
1147	221	153
402	181	822
921	184	240
36	195	1349
49	238	1523
49	199	892
182	211	828
148	208	677
1130	211	1524
5	182	840
805	227	693
202	274	636
741	196	165
49	199	274
640	182	715
161	337	309
487	211	1377
682	299	995
22	187	940
80	187	747
284	244	1525
1332	288	424
92	187	1454
3	181	907
456	186	1149
36	195	1526
36	195	1221
1527	276	836
370	194	3
17	188	1468
790	308	1
542	273	90
823	226	1528
49	209	1250
1234	239	109
299	196	278
17	188	922
15	187	951
397	211	1529
803	218	380
1329	197	162
816	218	39
167	225	946
1530	221	310
985	280	1531
36	195	1532
485	189	1533
1534	234	716
170	355	667
1535	288	447
1536	328	530
1537	246	36
1538	221	1285
1539	246	36
1540	184	8
1510	221	1541
1202	302	1542
49	212	1543
1545	237	1544
210	211	1546
1547	353	955
1548	184	240
1261	211	1549
1551	203	1550
1232	295	1552
959	214	1553
49	199	1554
1555	184	240
410	211	1556
1541	257	1557
887	264	1558
667	311	1559
284	244	1560
895	292	1561
1189	356	332
462	272	1562
284	244	1563
190	272	1564
1565	221	90
1566	357	666
36	195	1567
1568	246	36
1569	181	882
1570	184	29
1571	221	90
656	295	1572
1573	308	352
1574	341	419
310	283	1575
17	188	1576
1275	346	1577
1578	308	1144
49	212	1579
794	358	1096
1580	255	621
1011	211	1581
49	318	1582
1253	306	1583
1584	256	240
1550	359	1585
49	212	1586
1587	287	1224
781	272	1588
862	204	1589
1591	351	1590
1165	211	1592
1593	202	859
